id,jahr,alter,kategoriealter,geschlecht,nutzt-whatsapp,bsz,bszkat,bszkat2,Mein Smartphone liegt auch beim Schlafen immer in Griffweite,Griffweite,Ich kann auch gut mal einen Tag ohne Smartphone klar kommen,verzicht-kat,tiktok,tiktok-vertrauen,tiktok-nutzt,tiktok-vertr-nutzt,Informationsquelle,social-informiert,Ich mache mir Sorgen um meine Daten,sorgenbarometer,sorgenbarometer-geschlecht,sorgenbarometer-alter,Ich loesche meine Cookies regelmaessig,cookies,Fuer wie viel Geld mindestens wuerden sie all ihre Geraete eine Woche gar nicht benutzen?,Wieviel wuerden Sie einmalig bezahlen, um Ihre Lieblings Social Media Apps und Messenger noch nutzen zu koennen?,bezahlen,seriositaet
6,2021,16,3,Weiblich,1,2h-3h,3,9,Nein,4,Stimmt,1,Nein,2,2,4,Eher nein,2,Stimmt eher,2,3,1,Stimmt gar nicht,3,20 CHF,Ich wuerde auf die App verzichten,0,2
8,2021,16,3,Maennlich,1,4h-5h,5,25,eher Nein,3,Stimmt,1,Nein,2,2,4,Eher nein,2,Stimmt eher,2,1,1,Stimmt ganz,1,ueber 100 CHF,Ich wuerde auf die App verzichten,0,1
13,2021,21,5,Maennlich,1,3h-4h,4,16,eher Ja,2,Stimmt,1,Nein,2,2,4,Ich brauche Social Media nie,3,Stimmt eher nicht,3,2,4,Stimmt eher,2,Wuerde ich auch gratis machen,Ich wuerde auf die App verzichten,0,2
20,2021,16,3,Weiblich,1,2h-3h,3,9,Ja,1,Stimmt,1,Nein,2,1,3,Nein,3,Stimmt eher,2,3,1,Stimmt eher,2,Wuerde ich auch gratis machen,Ich wuerde auf die App verzichten,0,2
23,2021,17,3,Weiblich,1,1h-2h,2,4,Nein,4,Stimmt,1,Weiss nicht,3,2,5,Eher nein,2,Stimmt eher,2,3,1,Stimmt eher,2,Wuerde ich auch gratis machen,Ich wuerde auf die App verzichten,0,1
27,2021,17,3,Weiblich,1,2h-3h,3,9,Ja,1,Stimmt,1,Ja,1,1,1,Ja,1,Stimmt eher,2,3,1,Stimmt eher nicht,2,Wuerde ich auch gratis machen,Ich wuerde auf die App verzichten,0,2
39,2021,17,3,Maennlich,1,3h-4h,4,16,eher Ja,2,Stimmt,1,Nein,2,2,4,Nein,3,Stimmt ganz,1,1,1,Stimmt eher nicht,2,Wuerde ich auch gratis machen,Ich wuerde auf die App verzichten,0,3
49,2021,22,5,Maennlich,2,2h-3h,3,9,eher Nein,3,Stimmt eher ,2,Nein,2,2,4,Ja,1,Stimmt eher,2,1,3,Stimmt eher,2,50 CHF,Ich wuerde auf die App verzichten,0,5
53,2021,18,4,Maennlich,1,Mehr als 5h,6,36,Ja,1,Stimmt eher nicht,3,Ja,1,2,2,Ja,1,Stimmt gar nicht,4,2,2,Stimmt eher nicht,2,ueber 100 CHF,Ich wuerde auf die App verzichten,0,3
54,2021,17,3,Maennlich,1,2h-3h,3,9,Ja,1,Stimmt eher ,2,Ja,1,1,1,Ja,1,Stimmt eher nicht,3,2,2,Stimmt eher,2,20 CHF,Ich wuerde auf die App verzichten,0,2
55,2021,51,6,Weiblich,1,3h-4h,4,16,eher Ja,2,Stimmt eher ,2,Weiss nicht,3,2,5,Eher nein,2,Stimmt ganz,1,3,3,Stimmt eher,2,Wuerde ich auch gratis machen,Ich wuerde auf die App verzichten,0,1
56,2021,55,6,Maennlich,1,weniger als 1h,1,1,eher Nein,3,Stimmt eher nicht,3,Weiss nicht,3,2,5,Ja,1,Stimmt eher,2,1,3,Stimmt ganz,1,ueber 100 CHF,Ich wuerde auf die App verzichten,0,1
60,2021,16,3,Weiblich,1,1h-2h,2,4,Nein,4,Stimmt eher ,2,eher Nein,2,2,4,Eher nein,2,Stimmt eher,2,3,1,Stimmt eher nicht,2,Wuerde ich auch gratis machen,Ich wuerde auf die App verzichten,0,1
61,2021,15,2,Weiblich,1,1h-2h,2,4,eher Ja,2,Stimmt,1,Nein,2,2,4,Ja,1,Stimmt eher,2,3,1,Stimmt eher,2,10 CHF,Ich wuerde auf die App verzichten,0,1
63,2021,15,2,Maennlich,1,2h-3h,3,9,eher Ja,2,Stimmt,1,Nein,2,2,4,Eher Ja,2,Stimmt ganz,1,1,1,Stimmt ganz,1,Wuerde ich auch gratis machen,Ich wuerde auf die App verzichten,0,2
65,2021,47,6,Maennlich,1,1h-2h,2,4,Nein,4,Stimmt eher nicht,3,Nein,2,2,4,Ja,1,Stimmt eher,2,1,3,Stimmt eher,2,Wuerde ich auch gratis machen,Ich wuerde auf die App verzichten,0,1
70,2021,49,6,Maennlich,1,2h-3h,3,9,eher Nein,3,Stimmt,1,Weiss nicht,3,2,5,Eher Ja,2,Stimmt eher,2,1,3,Stimmt ganz,1,100 CHF,Ich wuerde auf die App verzichten,0,1
71,2021,18,4,Maennlich,1,3h-4h,4,16,eher Ja,2,Stimmt eher ,2,Nein,2,1,3,Eher nein,2,Stimmt eher,2,1,1,Stimmt eher,2,20 CHF,Ich wuerde auf die App verzichten,0,3
73,2021,27,5,Weiblich,1,weniger als 1h,1,1,eher Ja,2,Stimmt,1,Weiss nicht,3,2,5,Eher Ja,2,Stimmt eher,2,3,3,Stimmt eher nicht,2,Wuerde ich auch gratis machen,Ich wuerde auf die App verzichten,0,3
78,2021,19,4,Maennlich,1,2h-3h,3,9,eher Nein,3,Stimmt eher ,2,Nein,2,2,4,Eher nein,2,Stimmt ganz,1,1,1,Stimmt eher,2,50 CHF,Ich wuerde auf die App verzichten,0,1
79,2021,50,6,Weiblich,1,2h-3h,3,9,Ja,1,Stimmt nicht,4,Weiss nicht,3,2,5,Ja,1,Stimmt eher nicht,3,4,4,Stimmt eher,2,ueber 100 CHF,Ich wuerde auf die App verzichten,0,1
80,2021,50,6,Weiblich,1,weniger als 1h,1,1,Ja,1,Stimmt eher nicht,3,Weiss nicht,3,2,5,Ja,1,Stimmt ganz,1,3,3,Stimmt eher nicht,2,ueber 100 CHF,Ich wuerde auf die App verzichten,0,2
81,2021,52,6,Weiblich,1,1h-2h,2,4,eher Ja,2,Stimmt eher nicht,3,Weiss nicht,3,2,5,Ja,1,Stimmt ganz,1,3,3,Stimmt ganz,1,Wuerde ich auch gratis machen,Ich wuerde auf die App verzichten,0,2
87,2021,25,5,Weiblich,1,weniger als 1h,1,1,eher Ja,2,Stimmt,1,Weiss nicht,3,2,5,Eher nein,2,Stimmt eher,2,3,3,Stimmt eher nicht,2,Wuerde ich auch gratis machen,Ich wuerde auf die App verzichten,0,4
88,2021,42,6,Weiblich,1,1h-2h,2,4,eher Nein,3,Stimmt eher ,2,Weiss nicht,3,2,5,Nein,3,Stimmt eher,2,3,3,Stimmt gar nicht,3,100 CHF,Ich wuerde auf die App verzichten,0,1
89,2021,43,6,Weiblich,1,1h-2h,2,4,Ja,1,Stimmt,1,Nein,2,2,4,Eher Ja,2,Stimmt ganz,1,3,3,Stimmt ganz,1,Wuerde ich auch gratis machen,Ich wuerde auf die App verzichten,0,6
92,2021,52,6,Weiblich,1,weniger als 1h,1,1,Ja,1,Stimmt,1,Weiss nicht,3,2,5,Ja,1,Stimmt eher,2,3,3,Stimmt gar nicht,3,Wuerde ich auch gratis machen,Ich wuerde auf die App verzichten,0,2
95,2021,56,6,Maennlich,1,weniger als 1h,1,1,Nein,4,Stimmt eher ,2,Weiss nicht,3,2,5,Ja,1,Stimmt eher,2,1,3,Stimmt eher nicht,2,Wuerde ich auch gratis machen,Ich wuerde auf die App verzichten,0,1
99,2021,16,3,Weiblich,1,2h-3h,3,9,eher Ja,2,Stimmt,1,eher Ja,1,1,1,Eher Ja,2,Stimmt ganz,1,3,1,Stimmt ganz,1,50 CHF,Ich wuerde auf die App verzichten,0,1
103,2021,16,3,Weiblich,1,Mehr als 5h,6,36,Ja,1,Stimmt,1,Ja,1,1,1,Ja,1,Stimmt eher nicht,3,4,2,Stimmt gar nicht,3,Wuerde ich auch gratis machen,Ich wuerde auf die App verzichten,0,2
104,2021,16,3,Maennlich,1,3h-4h,4,16,eher Nein,3,Stimmt eher nicht,3,Nein,2,2,4,Nein,3,Stimmt gar nicht,4,2,2,Stimmt gar nicht,3,50 CHF,Ich wuerde auf die App verzichten,0,3
107,2021,16,3,Weiblich,1,4h-5h,5,25,Nein,4,Stimmt eher nicht,3,Nein,2,2,4,Eher Ja,2,Stimmt ganz,1,3,1,Stimmt gar nicht,3,ueber 100 CHF,Ich wuerde auf die App verzichten,0,2
109,2021,16,3,Maennlich,1,1h-2h,2,4,Ja,1,Stimmt eher nicht,3,eher Nein,2,2,4,Ja,1,Stimmt eher nicht,3,2,2,Stimmt eher,2,Wuerde ich auch gratis machen,Ich wuerde auf die App verzichten,0,1
113,2021,15,2,Maennlich,1,Mehr als 5h,6,36,Ja,1,Stimmt eher nicht,3,eher Nein,2,2,4,Eher Ja,2,Stimmt eher nicht,3,2,2,Stimmt eher nicht,2,ueber 100 CHF,Ich wuerde auf die App verzichten,0,2
114,2021,15,2,Maennlich,1,Mehr als 5h,6,36,Ja,1,Stimmt,1,Ja,1,1,1,Ja,1,Stimmt eher nicht,3,2,2,Stimmt gar nicht,3,20 CHF,Ich wuerde auf die App verzichten,0,2
119,2021,16,3,Maennlich,1,2h-3h,3,9,eher Ja,2,Stimmt eher ,2,Nein,2,2,4,Ja,1,Stimmt eher,2,1,1,Stimmt gar nicht,3,50 CHF,Ich wuerde auf die App verzichten,0,2
120,2021,15,2,Weiblich,1,3h-4h,4,16,Nein,4,Stimmt,1,Weiss nicht,3,2,5,Eher Ja,2,Stimmt eher,2,3,1,Stimmt gar nicht,3,Wuerde ich auch gratis machen,Ich wuerde auf die App verzichten,0,2
123,2021,17,3,Maennlich,1,3h-4h,4,16,Nein,4,Stimmt,1,Nein,2,2,4,Eher Ja,2,Stimmt eher nicht,3,2,2,Stimmt ganz,1,Wuerde ich auch gratis machen,Ich wuerde auf die App verzichten,0,3
124,2021,16,3,Weiblich,1,3h-4h,4,16,Ja,1,Stimmt eher ,2,eher Ja,1,2,2,Ja,1,Stimmt eher nicht,3,4,2,Stimmt eher nicht,2,ueber 100 CHF,Ich wuerde auf die App verzichten,0,2
125,2021,14,2,Weiblich,1,3h-4h,4,16,Nein,4,Stimmt eher ,2,eher Ja,1,1,1,Ja,1,Stimmt eher,2,3,1,Stimmt eher nicht,2,ueber 100 CHF,Ich wuerde auf die App verzichten,0,2
126,2022,15,2,Weiblich,1,2h-3h,3,9,Ja,1,Stimmt eher nicht,3,Weiss nicht,3,1,5,Ja,1,Stimmt eher nicht,3,4,2,Stimmt eher nicht,2,ueber 100 CHF,Ich wuerde auf die App verzichten,0,2
127,2022,16,3,Maennlich,1,2h-3h,3,9,eher Nein,3,Stimmt eher ,2,Weiss nicht,3,2,5,Ja,1,Stimmt eher nicht,3,2,2,Stimmt eher,2,Wuerde ich auch gratis machen,Ich wuerde auf die App verzichten,0,2
128,2022,16,3,Weiblich,1,4h-5h,5,25,Ja,1,Stimmt,1,eher Ja,1,1,1,Eher nein,2,Stimmt eher nicht,3,4,2,Stimmt gar nicht,3,Wuerde ich auch gratis machen,Ich wuerde auf die App verzichten,0,3
131,2022,16,3,Maennlich,1,2h-3h,3,9,eher Ja,2,Stimmt,1,Nein,2,2,4,Ja,1,Stimmt eher nicht,3,2,2,Stimmt gar nicht,3,100 CHF,Ich wuerde auf die App verzichten,0,3
132,2022,16,3,Maennlich,1,4h-5h,5,25,Ja,1,Stimmt,1,Nein,2,1,3,Eher nein,2,Stimmt eher,2,1,1,Stimmt eher nicht,2,5 CHF,Ich wuerde auf die App verzichten,0,1
133,2022,17,3,Weiblich,1,1h-2h,2,4,Ja,1,Stimmt,1,Nein,2,2,4,Ja,1,Stimmt eher nicht,3,4,2,Stimmt gar nicht,3,ueber 100 CHF,Ich wuerde auf die App verzichten,0,3
136,2022,17,3,Maennlich,1,2h-3h,3,9,Ja,1,Stimmt eher nicht,3,eher Nein,2,2,4,Ja,1,Stimmt ganz,1,1,1,Stimmt eher nicht,2,100 CHF,Ich wuerde auf die App verzichten,0,2
138,2022,16,3,Non-Binaer,2,3h-4h,4,16,eher Ja,2,Stimmt eher ,2,Nein,2,2,4,Nein,3,Stimmt eher nicht,3,5,2,Stimmt eher,2,Wuerde ich auch gratis machen,Ich wuerde auf die App verzichten,0,2
145,2022,56,6,Maennlich,1,Mehr als 5h,6,36,eher Ja,2,Stimmt,1,Nein,2,2,4,Eher Ja,2,Stimmt eher,2,1,3,Stimmt ganz,1,50 CHF,Ich wuerde auf die App verzichten,0,2
153,2022,14,2,Maennlich,1,Mehr als 5h,6,36,Ja,1,Stimmt,1,Nein,2,1,3,Ja,1,Stimmt gar nicht,4,2,2,Stimmt gar nicht,3,ueber 100 CHF,Ich wuerde auf die App verzichten,0,2
154,2022,15,2,Weiblich,1,2h-3h,3,9,eher Nein,3,Stimmt,1,Weiss nicht,3,2,5,Eher Ja,2,Stimmt eher,2,3,1,Stimmt gar nicht,3,Wuerde ich auch gratis machen,Ich wuerde auf die App verzichten,0,1
165,2022,16,3,Weiblich,1,2h-3h,3,9,eher Ja,2,Stimmt,1,eher Ja,1,1,1,Eher nein,2,Stimmt ganz,1,3,1,Stimmt gar nicht,3,ueber 100 CHF,Ich wuerde auf die App verzichten,0,1
170,2022,15,2,Weiblich,1,3h-4h,4,16,Nein,4,Stimmt,1,Nein,2,1,3,Eher nein,2,Stimmt eher nicht,3,4,2,Stimmt gar nicht,3,ueber 100 CHF,Ich wuerde auf die App verzichten,0,2
172,2022,16,3,Maennlich,1,3h-4h,4,16,eher Ja,2,Stimmt,1,Nein,2,2,4,Ja,1,Stimmt eher,2,1,1,Stimmt gar nicht,3,5 CHF,Ich wuerde auf die App verzichten,0,1
173,2022,35,6,Weiblich,1,Mehr als 5h,6,36,Ja,1,Stimmt eher nicht,3,eher Ja,1,1,1,Ja,1,Stimmt eher,2,3,3,Stimmt gar nicht,3,Wuerde ich auch gratis machen,Ich wuerde auf die App verzichten,0,3
175,2022,16,3,Maennlich,1,1h-2h,2,4,Nein,4,Stimmt,1,Nein,2,2,4,Eher nein,2,Stimmt eher,2,1,1,Stimmt ganz,1,Wuerde ich auch gratis machen,Ich wuerde auf die App verzichten,0,2
177,2022,16,3,Maennlich,1,Mehr als 5h,6,36,Ja,1,Stimmt,1,Nein,2,1,3,Ja,1,Stimmt eher nicht,3,2,2,Stimmt eher,2,Wuerde ich auch gratis machen,Ich wuerde auf die App verzichten,0,2
179,2022,17,3,Weiblich,1,3h-4h,4,16,eher Ja,2,Stimmt eher ,2,eher Nein,2,1,3,Ja,1,Stimmt gar nicht,4,4,2,Stimmt eher nicht,2,100 CHF,Ich wuerde auf die App verzichten,0,3
181,2022,18,4,Maennlich,1,Mehr als 5h,6,36,Ja,1,Stimmt eher ,2,Nein,2,2,4,Ja,1,Stimmt eher,2,1,1,Stimmt eher,2,Wuerde ich auch gratis machen,Ich wuerde auf die App verzichten,0,4
182,2022,17,3,Non-Binaer,1,3h-4h,4,16,eher Nein,3,Stimmt eher nicht,3,Nein,2,2,4,Eher Ja,2,Stimmt eher,2,5,1,Stimmt eher,2,50 CHF,Ich wuerde auf die App verzichten,0,2
190,2022,15,2,Weiblich,1,weniger als 1h,1,1,Nein,4,Stimmt,1,Weiss nicht,3,2,5,Nein,3,Stimmt eher,2,3,1,Stimmt gar nicht,3,Wuerde ich auch gratis machen,Ich wuerde auf die App verzichten,0,1
195,2022,16,3,Weiblich,1,1h-2h,2,4,Nein,4,Stimmt,1,Weiss nicht,3,2,5,Ja,1,Stimmt eher,2,3,1,Stimmt eher nicht,2,100 CHF,Ich wuerde auf die App verzichten,0,2
197,2022,49,6,Weiblich,1,1h-2h,2,4,Nein,4,Stimmt,1,Nein,2,2,4,Eher Ja,2,Stimmt gar nicht,4,4,4,Stimmt gar nicht,3,Wuerde ich auch gratis machen,Ich wuerde auf die App verzichten,0,2
206,2023,32,6,Maennlich,1,Mehr als 5h,6,36,Ja,1,Stimmt,1,Nein,2,2,4,Ja,1,Stimmt eher,2,1,3,Stimmt eher nicht,2,20 CHF,Ich wuerde auf die App verzichten,0,1
210,2023,14,2,Weiblich,1,weniger als 1h,1,1,Nein,4,Stimmt eher ,2,Nein,2,2,4,Nein,3,Stimmt eher nicht,3,4,2,Stimmt gar nicht,3,Wuerde ich auch gratis machen,Ich wuerde auf die App verzichten,0,2
215,2023,14,2,Weiblich,1,3h-4h,4,16,Ja,1,Stimmt eher ,2,Nein,2,2,4,Eher nein,2,Stimmt eher nicht,3,4,2,Stimmt gar nicht,3,ueber  100 CHF,Ich wuerde auf die App verzichten,0,3
222,2023,16,3,Maennlich,1,1h-2h,2,4,eher Ja,2,Stimmt,1,Nein,2,1,3,Ja,1,Stimmt eher,2,1,1,Stimmt eher,2,Wuerde ich auch gratis machen,Ich wuerde auf die App verzichten,0,1
224,2023,16,3,Weiblich,1,3h-4h,4,16,Nein,4,Stimmt,1,eher Nein,2,1,3,Eher Ja,2,Stimmt gar nicht,4,4,2,Stimmt gar nicht,3,ueber  100 CHF,Ich wuerde auf die App verzichten,0,2
232,2023,17,3,Maennlich,1,4h-5h,5,25,eher Nein,3,Stimmt,1,Nein,2,2,4,Eher Ja,2,Stimmt eher,2,1,1,Stimmt eher nicht,2,Wuerde ich auch gratis machen,Ich wuerde auf die App verzichten,0,2
251,2023,17,3,Weiblich,1,3h-4h,4,16,Ja,1,Stimmt eher ,2,eher Nein,2,2,4,Nein,3,Stimmt eher nicht,3,4,2,Stimmt gar nicht,3,Wuerde ich auch gratis machen,Ich wuerde auf die App verzichten,0,1
253,2023,19,4,Weiblich,1,2h-3h,3,9,eher Ja,2,Stimmt eher ,2,Nein,2,2,4,Eher nein,2,Stimmt ganz,1,3,1,Stimmt eher nicht,2,100 CHF,Ich wuerde auf die App verzichten,0,1
257,2023,20,5,Weiblich,1,weniger als 1h,1,1,eher Ja,2,Stimmt,1,Nein,2,2,4,Nein,3,Stimmt eher,2,3,3,Stimmt gar nicht,3,Wuerde ich auch gratis machen,Ich wuerde auf die App verzichten,0,2
264,2023,16,3,Maennlich,2,3h-4h,4,16,eher Ja,2,Stimmt eher ,2,Nein,2,2,4,Eher nein,2,Stimmt eher,2,1,1,Stimmt ganz,1,ueber  100 CHF,Ich wuerde auf die App verzichten,0,2
266,2023,16,3,Maennlich,1,4h-5h,5,25,Nein,4,Stimmt,1,Nein,2,2,4,Eher Ja,2,Stimmt ganz,1,1,1,Stimmt gar nicht,3,ueber  100 CHF,Ich wuerde auf die App verzichten,0,1
269,2023,16,3,Maennlich,1,1h-2h,2,4,eher Ja,2,Stimmt,1,Nein,2,2,4,Ja,1,Stimmt eher,2,1,1,Stimmt eher,2,Wuerde ich auch gratis machen,Ich wuerde auf die App verzichten,0,2
273,2023,17,3,Weiblich,1,2h-3h,3,9,eher Ja,2,Stimmt eher ,2,eher Nein,2,1,3,Eher Ja,2,Stimmt eher,2,3,1,Stimmt eher nicht,2,Wuerde ich auch gratis machen,Ich wuerde auf die App verzichten,0,2
276,2023,14,2,Maennlich,1,2h-3h,3,9,eher Ja,2,Stimmt,1,Nein,2,2,4,Nein,3,Stimmt eher nicht,3,2,2,Stimmt eher,2,Wuerde ich auch gratis machen,Ich wuerde auf die App verzichten,0,2
277,2023,15,2,Maennlich,1,Mehr als 5h,6,36,eher Ja,2,Stimmt,1,eher Nein,2,1,3,Eher Ja,2,Stimmt ganz,1,1,1,Stimmt eher,2,ueber  100 CHF,Ich wuerde auf die App verzichten,0,3
280,2023,16,3,Maennlich,1,2h-3h,3,9,eher Ja,2,Stimmt,1,eher Nein,2,2,4,Eher nein,2,Stimmt eher,2,1,1,Stimmt gar nicht,3,10 CHF,Ich wuerde auf die App verzichten,0,2
281,2023,16,3,Weiblich,1,Mehr als 5h,6,36,Nein,4,Stimmt eher nicht,3,Nein,2,1,3,Eher Ja,2,Stimmt eher nicht,3,4,2,Stimmt eher nicht,2,50 CHF,Ich wuerde auf die App verzichten,0,3
283,2023,15,2,Weiblich,1,Mehr als 5h,6,36,Nein,4,Stimmt eher nicht,3,Nein,2,1,3,Eher nein,2,Stimmt eher nicht,3,4,2,Stimmt gar nicht,3,100 CHF,Ich wuerde auf die App verzichten,0,1
286,2024,17,3,Weiblich,1,2h-3h,3,9,Nein,4,Stimmt eher ,2,Nein,2,2,4,Nein,3,Stimmt eher,2,3,1,Stimmt gar nicht,3,ueber  100 CHF,Ich wuerde auf die App verzichten,0,1
288,2024,33,6,Maennlich,1,Mehr als 5h,6,36,Ja,1,Stimmt,1,Nein,2,2,4,Ja,1,Stimmt eher,2,1,3,Stimmt eher nicht,2,Wuerde ich auch gratis machen,Ich wuerde auf die App verzichten,0,2
290,2024,14,2,Weiblich,1,3h-4h,4,16,Nein,4,Stimmt eher ,2,Nein,2,1,3,Eher nein,2,Stimmt eher,2,3,1,Stimmt eher nicht,2, 100 CHF,Ich wuerde auf die App verzichten,0,1
297,2024,15,2,Maennlich,2,3h-4h,4,16,Nein,4,Stimmt,1,Nein,2,2,4,Nein,3,Stimmt eher,2,1,1,Stimmt eher nicht,2, 100 CHF,Ich wuerde auf die App verzichten,0,1
300,2024,16,3,Weiblich,1,3h-4h,4,16,eher Ja,2,Stimmt,1,Weiss nicht,3,2,5,Eher Ja,2,Stimmt eher nicht,3,4,2,Stimmt eher,2,Wuerde ich auch gratis machen,Ich wuerde auf die App verzichten,0,1
302,2024,17,3,Maennlich,1,weniger als 1h,1,1,Nein,4,Stimmt,1,Nein,2,2,4,Nein,3,Stimmt ganz,1,1,1,Stimmt ganz,1,Wuerde ich auch gratis machen,Ich wuerde auf die App verzichten,0,1
303,2024,18,4,Weiblich,1,2h-3h,3,9,Ja,1,Stimmt eher ,2,eher Nein,2,1,3,Eher Ja,2,Stimmt eher,2,3,1,Stimmt eher nicht,2,Wuerde ich auch gratis machen,Ich wuerde auf die App verzichten,0,2
314,2024,44,6,Maennlich,1,2h-3h,3,9,Ja,1,Stimmt,1,Weiss nicht,3,2,5,Ja,1,Stimmt eher nicht,3,2,4,Stimmt eher nicht,2,Wuerde ich auch gratis machen,Ich wuerde auf die App verzichten,0,3
315,2024,15,2,Weiblich,1,Mehr als 5h,6,36,Ja,1,Stimmt,1,eher Nein,2,2,4,Nein,3,Stimmt eher,2,3,1,Stimmt gar nicht,3,50 CHF,Ich wuerde auf die App verzichten,0,3
319,2024,17,3,Weiblich,1,3h-4h,4,16,eher Ja,2,Stimmt,1,eher Nein,2,2,4,Eher nein,2,Stimmt eher,2,3,1,Stimmt gar nicht,3,Wuerde ich auch gratis machen,Ich wuerde auf die App verzichten,0,2
323,2024,17,3,Weiblich,1,2h-3h,3,9,Nein,4,Stimmt,1,eher Ja,1,1,1,Eher Ja,2,Stimmt gar nicht,4,4,2,Stimmt gar nicht,3,Wuerde ich auch gratis machen,Ich wuerde auf die App verzichten,0,1
326,2024,17,3,Maennlich,1,weniger als 1h,1,1,Nein,4,Stimmt,1,Nein,2,2,4,Nein,3,Stimmt gar nicht,4,2,2,Stimmt gar nicht,3,Wuerde ich auch gratis machen,Ich wuerde auf die App verzichten,0,3
330,2024,17,3,Maennlich,1,3h-4h,4,16,Ja,1,Stimmt eher nicht,3,Nein,2,1,3,Ja,1,Stimmt eher,2,1,1,Stimmt ganz,1, 100 CHF,Ich wuerde auf die App verzichten,0,2
334,2024,16,3,Maennlich,1,1h-2h,2,4,Nein,4,Stimmt,1,eher Nein,2,1,3,Nein,3,Stimmt gar nicht,4,2,2,Stimmt ganz,1,ueber  100 CHF,Ich wuerde auf die App verzichten,0,6
340,2024,17,3,Maennlich,1,3h-4h,4,16,Ja,1,Stimmt,1,Weiss nicht,3,2,5,Eher Ja,2,Stimmt eher nicht,3,2,2,Stimmt gar nicht,3,Wuerde ich auch gratis machen,Ich wuerde auf die App verzichten,0,2
347,2024,16,3,Maennlich,1,Mehr als 5h,6,36,Ja,1,Stimmt,1,eher Ja,1,1,1,Nein,3,Stimmt eher,2,1,1,Stimmt ganz,1,ueber  100 CHF,Ich wuerde auf die App verzichten,0,3
349,2024,16,3,Weiblich,2,4h-5h,5,25,Ja,1,Stimmt eher ,2,Nein,2,1,3,Eher Ja,2,Stimmt eher nicht,3,4,2,Stimmt gar nicht,3,Wuerde ich auch gratis machen,Ich wuerde auf die App verzichten,0,1
352,2024,18,4,Weiblich,1,3h-4h,4,16,Ja,1,Stimmt,1,eher Nein,2,1,3,Eher nein,2,Stimmt eher,2,3,1,Stimmt eher nicht,2,ueber  100 CHF,Ich wuerde auf die App verzichten,0,2
353,2024,17,3,Maennlich,1,4h-5h,5,25,Ja,1,Stimmt eher ,2,Nein,2,1,3,Eher nein,2,Stimmt eher nicht,3,2,2,Stimmt eher,2,50 CHF,Ich wuerde auf die App verzichten,0,3
361,2024,16,3,Maennlich,1,4h-5h,5,25,Nein,4,Stimmt,1,eher Ja,1,1,1,Eher Ja,2,Stimmt ganz,1,1,1,Stimmt eher nicht,2,50 CHF,Ich wuerde auf die App verzichten,0,2
365,2024,17,3,Weiblich,1,3h-4h,4,16,eher Ja,2,Stimmt eher nicht,3,eher Ja,1,1,1,Eher Ja,2,Stimmt eher nicht,3,4,2,Stimmt gar nicht,3,ueber  100 CHF,Ich wuerde auf die App verzichten,0,1
368,2024,16,3,Maennlich,1,Mehr als 5h,6,36,Ja,1,Stimmt eher nicht,3,Nein,2,1,3,Nein,3,Stimmt eher nicht,3,2,2,Stimmt gar nicht,3,20 CHF,Ich wuerde auf die App verzichten,0,2
369,2024,16,3,Maennlich,1,4h-5h,5,25,eher Ja,2,Stimmt eher ,2,eher Nein,2,1,3,Eher Ja,2,Stimmt eher nicht,3,2,2,Stimmt gar nicht,3,ueber  100 CHF,Ich wuerde auf die App verzichten,0,5
370,2024,16,3,Weiblich,1,3h-4h,4,16,Ja,1,Stimmt,1,Weiss nicht,3,2,5,Eher Ja,2,Stimmt eher nicht,3,4,2,Stimmt gar nicht,3,50 CHF,Ich wuerde auf die App verzichten,0,1
371,2024,16,3,Weiblich,1,3h-4h,4,16,eher Ja,2,Stimmt eher ,2,Weiss nicht,3,1,5,Eher Ja,2,Stimmt eher nicht,3,4,2,Stimmt gar nicht,3,ueber  100 CHF,Ich wuerde auf die App verzichten,0,2
374,2024,16,3,Maennlich,1,2h-3h,3,9,eher Ja,2,Stimmt,1,Nein,2,2,4,Eher Ja,2,Stimmt eher,2,1,1,Stimmt eher,2,Wuerde ich auch gratis machen,Ich wuerde auf die App verzichten,0,4
375,2024,17,3,Maennlich,1,Mehr als 5h,6,36,Ja,1,Stimmt,1,eher Nein,2,2,4,Eher Ja,2,Stimmt eher nicht,3,2,2,Stimmt gar nicht,3,Wuerde ich auch gratis machen,Ich wuerde auf die App verzichten,0,3
377,2025,15,2,Weiblich,1,3h-4h,4,16,eher Ja,2,Stimmt,1,Nein,2,2,4,Nein,3,Stimmt ganz,1,3,1,Stimmt gar nicht,3,Wuerde ich auch gratis machen,Ich wuerde auf die App verzichten,0,3
381,2025,18,4,Maennlich,1,1h-2h,2,4,eher Ja,2,Stimmt,1,Nein,2,2,4,Eher Ja,2,Stimmt eher nicht,3,2,2,Stimmt eher nicht,2,20 CHF,Ich wuerde auf die App verzichten,0,3
384,2025,17,3,Maennlich,1,3h-4h,4,16,Ja,1,Stimmt eher ,2,eher Ja,1,1,1,Nein,3,Stimmt gar nicht,4,2,2,Stimmt eher nicht,2,50 CHF,Ich wuerde auf die App verzichten,0,3
387,2025,16,3,Weiblich,1,3h-4h,4,16,Nein,4,Stimmt eher ,2,eher Nein,2,2,4,Nein,3,Stimmt eher nicht,3,4,2,Stimmt ganz,1,ueber  100 CHF,Ich wuerde auf die App verzichten,0,1
397,2025,17,3,Maennlich,1,2h-3h,3,9,Nein,4,Stimmt,1,Weiss nicht,3,2,5,Eher Ja,2,Stimmt eher nicht,3,2,2,Stimmt eher,2, 100 CHF,Ich wuerde auf die App verzichten,0,5
400,2025,17,3,Weiblich,1,1h-2h,2,4,Ja,1,Stimmt eher nicht,3,eher Nein,2,1,3,Eher nein,2,Stimmt gar nicht,4,4,2,Stimmt gar nicht,3, 100 CHF,Ich wuerde auf die App verzichten,0,4
408,2025,16,3,Maennlich,1,3h-4h,4,16,Ja,1,Stimmt eher ,2,eher Nein,2,2,4,Eher nein,2,Stimmt gar nicht,4,2,2,Stimmt gar nicht,3,Wuerde ich auch gratis machen,Ich wuerde auf die App verzichten,0,1
410,2025,16,3,Maennlich,1,Mehr als 5h,6,36,eher Ja,2,Stimmt eher ,2,Nein,2,2,4,Nein,3,Stimmt eher nicht,3,2,2,Stimmt gar nicht,3,ueber  100 CHF,Ich wuerde auf die App verzichten,0,1
411,2025,18,4,Maennlich,1,3h-4h,4,16,Ja,1,Stimmt,1,Nein,2,2,4,Eher Ja,2,Stimmt eher,2,1,1,Stimmt gar nicht,3,Wuerde ich auch gratis machen,Ich wuerde auf die App verzichten,0,1
414,2025,15,2,Weiblich,1,4h-5h,5,25,eher Nein,3,Stimmt,1,Nein,2,2,4,Nein,3,Stimmt eher,2,3,1,Stimmt gar nicht,3,ueber  100 CHF,Ich wuerde auf die App verzichten,0,1
416,2025,17,3,Weiblich,1,2h-3h,3,9,eher Ja,2,Stimmt,1,Weiss nicht,3,2,5,Eher Ja,2,Stimmt eher,2,3,1,Stimmt gar nicht,3,ueber  100 CHF,Ich wuerde auf die App verzichten,0,1
419,2025,17,3,Maennlich,1,2h-3h,3,9,Ja,1,Stimmt eher ,2,eher Nein,2,1,3,Eher nein,2,Stimmt eher,2,1,1,Stimmt gar nicht,3, 100 CHF,Ich wuerde auf die App verzichten,0,2
420,2025,17,3,Weiblich,1,3h-4h,4,16,eher Ja,2,Stimmt,1,eher Ja,1,1,1,Eher nein,2,Stimmt eher,2,3,1,Stimmt gar nicht,3,50 CHF,Ich wuerde auf die App verzichten,0,3
422,2025,16,3,Weiblich,1,1h-2h,2,4,eher Ja,2,Stimmt,1,Nein,2,2,4,Eher nein,2,Stimmt eher,2,3,1,Stimmt gar nicht,3,Wuerde ich auch gratis machen,Ich wuerde auf die App verzichten,0,6
427,2025,17,3,Maennlich,1,4h-5h,5,25,eher Ja,2,Stimmt,1,Weiss nicht,3,1,5,Nein,3,Stimmt gar nicht,4,2,2,Stimmt gar nicht,3, 100 CHF,Ich wuerde auf die App verzichten,0,6
430,2025,19,4,Maennlich,1,1h-2h,2,4,Ja,1,Stimmt,1,Nein,2,2,4,Ja,1,Stimmt eher,2,1,1,Stimmt gar nicht,3,ueber  100 CHF,Ich wuerde auf die App verzichten,0,3
434,2025,16,3,Weiblich,1,2h-3h,3,9,Nein,4,Stimmt eher ,2,eher Nein,2,1,3,Eher nein,2,Stimmt eher,2,3,1,Stimmt eher nicht,2,20 CHF,Ich wuerde auf die App verzichten,0,1
436,2025,17,3,Weiblich,1,1h-2h,2,4,Nein,4,Stimmt,1,Nein,2,2,4,Ja,1,Stimmt eher,2,3,1,Stimmt eher,2,50 CHF,Ich wuerde auf die App verzichten,0,4
437,2025,16,3,Maennlich,2,4h-5h,5,25,Nein,4,Stimmt,1,Nein,2,2,4,Ich brauche Social Media nie,3,Stimmt eher,2,1,1,Stimmt eher,2,ueber  100 CHF,Ich wuerde auf die App verzichten,0,1
438,2025,16,3,Maennlich,1,4h-5h,5,25,eher Nein,3,Stimmt,1,Nein,2,1,3,Ja,1,Stimmt gar nicht,4,2,2,Stimmt gar nicht,3,20 CHF,Ich wuerde auf die App verzichten,0,5
439,2025,16,3,Maennlich,1,3h-4h,4,16,eher Ja,2,Stimmt eher ,2,Nein,2,1,3,Eher nein,2,Stimmt eher,2,1,1,Stimmt gar nicht,3, 100 CHF,Ich wuerde auf die App verzichten,0,4
440,2025,18,4,Weiblich,1,3h-4h,4,16,eher Ja,2,Stimmt eher ,2,Nein,2,2,4,Nein,3,Stimmt eher,2,3,1,Stimmt gar nicht,3,50 CHF,Ich wuerde auf die App verzichten,0,1
443,2025,17,3,Weiblich,1,1h-2h,2,4,eher Ja,2,Stimmt,1,eher Nein,2,1,3,Eher nein,2,Stimmt eher,2,3,1,Stimmt ganz,1,ueber  100 CHF,Ich wuerde auf die App verzichten,0,1
445,2025,16,3,Maennlich,1,3h-4h,4,16,eher Ja,2,Stimmt eher ,2,Nein,2,2,4,Eher Ja,2,Stimmt eher,2,1,1,Stimmt eher,2,Wuerde ich auch gratis machen,Ich wuerde auf die App verzichten,0,1
446,2025,15,2,Weiblich,1,2h-3h,3,9,Ja,1,Stimmt,1,eher Ja,1,1,1,Eher Ja,2,Stimmt eher nicht,3,4,2,Stimmt gar nicht,3,ueber  100 CHF,Ich wuerde auf die App verzichten,0,6
448,2025,15,2,Maennlich,1,3h-4h,4,16,eher Nein,3,Stimmt,1,Weiss nicht,3,1,5,Nein,3,Stimmt eher nicht,3,2,2,Stimmt gar nicht,3,ueber  100 CHF,Ich wuerde auf die App verzichten,0,1
449,2025,16,3,Weiblich,1,1h-2h,2,4,eher Ja,2,Stimmt,1,Nein,2,2,4,Eher Ja,2,Stimmt eher,2,3,1,Stimmt eher nicht,2,Wuerde ich auch gratis machen,Ich wuerde auf die App verzichten,0,1
451,2025,18,4,Weiblich,1,3h-4h,4,16,eher Ja,2,Stimmt eher ,2,eher Nein,2,1,3,Ja,1,Stimmt eher nicht,3,4,2,Stimmt gar nicht,3, 100 CHF,Ich wuerde auf die App verzichten,0,3
453,2025,15,2,Weiblich,1,1h-2h,2,4,Nein,4,Stimmt,1,Nein,2,2,4,Ja,1,Stimmt eher,2,3,1,Stimmt eher nicht,2,Wuerde ich auch gratis machen,Ich wuerde auf die App verzichten,0,2
457,2025,17,3,Weiblich,1,2h-3h,3,9,eher Nein,3,Stimmt,1,Nein,2,2,4,Nein,3,Stimmt eher,2,3,1,Stimmt gar nicht,3,50 CHF,Ich wuerde auf die App verzichten,0,1
458,2025,15,2,Maennlich,1,3h-4h,4,16,Nein,4,Stimmt,1,Nein,2,2,4,Eher Ja,2,Stimmt ganz,1,1,1,Stimmt ganz,1,Wuerde ich auch gratis machen,Ich wuerde auf die App verzichten,0,1
459,2025,15,2,Maennlich,1,3h-4h,4,16,Ja,1,Stimmt eher ,2,Nein,2,1,3,Ja,1,Stimmt gar nicht,4,2,2,Stimmt gar nicht,3,50 CHF,Ich wuerde auf die App verzichten,0,5
462,2025,16,3,Maennlich,1,3h-4h,4,16,eher Ja,2,Stimmt eher ,2,Nein,2,1,3,Eher nein,2,Stimmt eher nicht,3,2,2,Stimmt eher nicht,2,ueber  100 CHF,Ich wuerde auf die App verzichten,0,1
471,2025,16,3,Weiblich,1,weniger als 1h,1,1,eher Ja,2,Stimmt,1,eher Nein,2,1,3,Eher nein,2,Stimmt eher,2,3,1,Stimmt gar nicht,3,Wuerde ich auch gratis machen,Ich wuerde auf die App verzichten,0,2
475,2025,14,2,Weiblich,1,weniger als 1h,1,1,Nein,4,Stimmt,1,Nein,2,2,4,Ich brauche Social Media nie,3,Stimmt eher,2,3,1,Stimmt gar nicht,3,5 CHF,Ich wuerde auf die App verzichten,0,1
9,2021,18,4,Maennlich,1,2h-3h,3,9,eher Nein,3,Stimmt,1,Weiss nicht,3,2,5,Ja,1,Stimmt eher nicht,3,2,2,Stimmt eher,2,5 CHF,1-2 CHF,1,1
11,2021,18,4,Maennlich,1,3h-4h,4,16,eher Ja,2,Stimmt,1,Nein,2,2,4,Ja,1,Stimmt eher nicht,3,2,2,Stimmt eher,2,100 CHF,1-2 CHF,1,3
22,2021,20,5,Weiblich,1,3h-4h,4,16,Ja,1,Stimmt,1,Nein,2,2,4,Eher Ja,2,Stimmt eher,2,3,3,Stimmt gar nicht,3,Wuerde ich auch gratis machen,1-2 CHF,1,4
26,2021,16,3,Maennlich,1,2h-3h,3,9,Nein,4,Stimmt,1,Nein,2,2,4,Ja,1,Stimmt eher nicht,3,2,2,Stimmt eher nicht,2,ueber 100 CHF,1-2 CHF,1,2
28,2021,18,4,Maennlich,1,2h-3h,3,9,eher Ja,2,Stimmt eher ,2,Weiss nicht,3,2,5,Ja,1,Stimmt eher nicht,3,2,2,Stimmt eher,2,Wuerde ich auch gratis machen,1-2 CHF,1,2
31,2021,17,3,Weiblich,1,Mehr als 5h,6,36,Ja,1,Stimmt eher ,2,eher Nein,2,2,4,Eher Ja,2,Stimmt eher nicht,3,4,2,Stimmt gar nicht,3,100 CHF,1-2 CHF,1,1
32,2021,17,3,Weiblich,1,1h-2h,2,4,eher Nein,3,Stimmt,1,Nein,2,2,4,Eher nein,2,Stimmt eher,2,3,1,Stimmt gar nicht,3,20 CHF,1-2 CHF,1,1
35,2021,16,3,Maennlich,1,4h-5h,5,25,Ja,1,Stimmt eher ,2,Ja,1,2,2,Eher Ja,2,Stimmt eher nicht,3,2,2,Stimmt eher nicht,2,100 CHF,1-2 CHF,1,5
46,2021,15,2,Maennlich,1,4h-5h,5,25,eher Ja,2,Stimmt,1,eher Nein,2,2,4,Eher Ja,2,Stimmt eher,2,1,1,Stimmt gar nicht,3,Wuerde ich auch gratis machen,1-2 CHF,1,5
47,2021,16,3,Weiblich,1,Mehr als 5h,6,36,eher Nein,3,Stimmt eher ,2,Nein,2,1,3,Eher nein,2,Stimmt ganz,1,3,1,Stimmt ganz,1,Wuerde ich auch gratis machen,1-2 CHF,1,2
57,2021,16,3,Maennlich,1,1h-2h,2,4,eher Ja,2,Stimmt,1,Nein,2,2,4,Eher nein,2,Stimmt eher,2,1,1,Stimmt eher nicht,2,50 CHF,1-2 CHF,1,3
66,2021,15,2,Maennlich,1,Mehr als 5h,6,36,eher Ja,2,Stimmt eher ,2,Ja,1,1,1,Ja,1,Stimmt eher nicht,3,2,2,Stimmt gar nicht,3,50 CHF,1-2 CHF,1,2
67,2021,14,2,Weiblich,1,1h-2h,2,4,Nein,4,Stimmt,1,eher Ja,1,1,1,Ja,1,Stimmt eher nicht,3,4,2,Stimmt gar nicht,3,50 CHF,1-2 CHF,1,1
85,2021,15,2,Weiblich,1,4h-5h,5,25,Nein,4,Stimmt,1,Nein,2,2,4,Nein,3,Stimmt eher,2,3,1,Stimmt eher,2,50 CHF,1-2 CHF,1,3
91,2021,47,6,Weiblich,1,1h-2h,2,4,Nein,4,Stimmt eher nicht,3,Weiss nicht,3,2,5,Eher nein,2,Stimmt ganz,1,3,3,Stimmt eher nicht,2,50 CHF,1-2 CHF,1,2
102,2021,15,2,Maennlich,1,3h-4h,4,16,eher Ja,2,Stimmt,1,eher Nein,2,1,3,Ja,1,Stimmt eher,2,1,1,Stimmt gar nicht,3,Wuerde ich auch gratis machen,1-2 CHF,1,1
112,2021,16,3,Weiblich,1,2h-3h,3,9,eher Ja,2,Stimmt eher nicht,3,eher Ja,1,1,1,Ja,1,Stimmt eher nicht,3,4,2,Stimmt eher nicht,2,Wuerde ich auch gratis machen,1-2 CHF,1,4
135,2022,15,2,Weiblich,1,2h-3h,3,9,eher Ja,2,Stimmt eher nicht,3,eher Nein,2,2,4,Eher nein,2,Stimmt eher nicht,3,4,2,Stimmt gar nicht,3,ueber 100 CHF,1-2 CHF,1,2
142,2022,15,2,Weiblich,1,3h-4h,4,16,Ja,1,Stimmt,1,Nein,2,1,3,Ja,1,Stimmt eher,2,3,1,Stimmt eher,2,50 CHF,1-2 CHF,1,1
144,2022,15,2,Weiblich,1,3h-4h,4,16,eher Nein,3,Stimmt eher nicht,3,eher Nein,2,1,3,Eher nein,2,Stimmt eher,2,3,1,Stimmt gar nicht,3,ueber 100 CHF,1-2 CHF,1,2
146,2022,15,2,Maennlich,1,2h-3h,3,9,eher Ja,2,Stimmt,1,Nein,2,2,4,Nein,3,Stimmt gar nicht,4,2,2,Stimmt eher,2,ueber 100 CHF,1-2 CHF,1,3
147,2022,15,2,Maennlich,1,Mehr als 5h,6,36,Nein,4,Stimmt eher ,2,eher Nein,2,1,3,Nein,3,Stimmt eher,2,1,1,Stimmt gar nicht,3,ueber 100 CHF,1-2 CHF,1,3
151,2022,15,2,Weiblich,1,1h-2h,2,4,Nein,4,Stimmt,1,eher Nein,2,2,4,Ja,1,Stimmt eher,2,3,1,Stimmt gar nicht,3,Wuerde ich auch gratis machen,1-2 CHF,1,2
166,2022,16,3,Maennlich,1,3h-4h,4,16,Ja,1,Stimmt eher ,2,eher Nein,2,1,3,Ja,1,Stimmt eher nicht,3,2,2,Stimmt gar nicht,3,50 CHF,1-2 CHF,1,2
169,2022,16,3,Maennlich,1,1h-2h,2,4,eher Ja,2,Stimmt,1,eher Nein,2,2,4,Nein,3,Stimmt eher,2,1,1,Stimmt eher nicht,2,Wuerde ich auch gratis machen,1-2 CHF,1,2
185,2022,16,3,Weiblich,1,4h-5h,5,25,Ja,1,Stimmt,1,eher Ja,1,1,1,Eher Ja,2,Stimmt eher,2,3,1,Stimmt gar nicht,3,ueber 100 CHF,1-2 CHF,1,6
194,2022,24,5,Weiblich,1,2h-3h,3,9,Ja,1,Stimmt,1,Weiss nicht,3,2,5,Eher Ja,2,Stimmt eher nicht,3,4,4,Stimmt gar nicht,3,Wuerde ich auch gratis machen,1-2 CHF,1,4
196,2022,14,2,Maennlich,1,1h-2h,2,4,Nein,4,Stimmt,1,Nein,2,2,4,Ja,1,Stimmt ganz,1,1,1,Stimmt eher,2,Wuerde ich auch gratis machen,1-2 CHF,1,1
202,2023,14,2,Weiblich,1,3h-4h,4,16,eher Ja,2,Stimmt eher nicht,3,eher Nein,2,1,3,Eher Ja,2,Stimmt eher nicht,3,4,2,Stimmt eher nicht,2,100 CHF,1-2 CHF,1,3
211,2023,15,2,Weiblich,1,2h-3h,3,9,eher Ja,2,Stimmt eher ,2,eher Nein,2,2,4,Eher nein,2,Stimmt eher,2,3,1,Stimmt eher,2,50 CHF,1-2 CHF,1,2
216,2023,14,2,Weiblich,1,3h-4h,4,16,Nein,4,Stimmt eher ,2,Nein,2,2,4,Eher nein,2,Stimmt eher nicht,3,4,2,Stimmt gar nicht,3,100 CHF,1-2 CHF,1,3
217,2023,16,3,Non-Binaer,1,2h-3h,3,9,eher Ja,2,Stimmt,1,eher Ja,1,1,1,Eher nein,2,Stimmt eher nicht,3,5,2,Stimmt eher,2,50 CHF,1-2 CHF,1,1
225,2023,16,3,Weiblich,1,3h-4h,4,16,Ja,1,Stimmt,1,eher Nein,2,2,4,Eher Ja,2,Stimmt eher,2,3,1,Stimmt gar nicht,3,Wuerde ich auch gratis machen,1-2 CHF,1,1
226,2023,16,3,Maennlich,1,1h-2h,2,4,Nein,4,Stimmt,1,Nein,2,2,4,Ja,1,Stimmt eher nicht,3,2,2,Stimmt eher,2,Wuerde ich auch gratis machen,1-2 CHF,1,2
230,2023,16,3,Maennlich,1,3h-4h,4,16,Ja,1,Stimmt eher nicht,3,Ja,1,1,1,Eher nein,2,Stimmt eher,2,1,1,Stimmt eher nicht,2,100 CHF,1-2 CHF,1,2
231,2023,16,3,Weiblich,1,Mehr als 5h,6,36,Ja,1,Stimmt eher nicht,3,Nein,2,1,3,Ja,1,Stimmt eher,2,3,1,Stimmt gar nicht,3,ueber  100 CHF,1-2 CHF,1,2
238,2023,17,3,Weiblich,1,3h-4h,4,16,Ja,1,Stimmt eher ,2,eher Nein,2,1,3,Eher nein,2,Stimmt eher nicht,3,4,2,Stimmt eher nicht,2,50 CHF,1-2 CHF,1,1
243,2023,16,3,Weiblich,1,2h-3h,3,9,Nein,4,Stimmt,1,Nein,2,1,3,Ja,1,Stimmt eher nicht,3,4,2,Stimmt gar nicht,3,Wuerde ich auch gratis machen,1-2 CHF,1,2
244,2023,16,3,Weiblich,1,4h-5h,5,25,eher Ja,2,Stimmt,1,Nein,2,1,3,Eher Ja,2,Stimmt eher,2,3,1,Stimmt gar nicht,3,Wuerde ich auch gratis machen,1-2 CHF,1,2
267,2023,16,3,Maennlich,1,2h-3h,3,9,Ja,1,Stimmt eher ,2,eher Ja,1,1,1,Ja,1,Stimmt eher nicht,3,2,2,Stimmt eher nicht,2,ueber  100 CHF,1-2 CHF,1,3
270,2023,19,4,Weiblich,1,1h-2h,2,4,Ja,1,Stimmt eher ,2,Nein,2,2,4,Ja,1,Stimmt eher nicht,3,4,2,Stimmt gar nicht,3,ueber  100 CHF,1-2 CHF,1,1
275,2023,16,3,Maennlich,1,2h-3h,3,9,Ja,1,Stimmt,1,Ja,1,1,1,Ja,1,Stimmt gar nicht,4,2,2,Stimmt eher nicht,2,10 CHF,1-2 CHF,1,2
285,2023,18,4,Weiblich,1,3h-4h,4,16,eher Ja,2,Stimmt,1,eher Nein,2,1,3,Nein,3,Stimmt eher,2,3,1,Stimmt eher nicht,2,Wuerde ich auch gratis machen,1-2 CHF,1,1
287,2024,15,2,Maennlich,1,4h-5h,5,25,eher Ja,2,Stimmt,1,eher Nein,2,1,3,Eher nein,2,Stimmt eher nicht,3,2,2,Stimmt eher,2,Wuerde ich auch gratis machen,1-2 CHF,1,1
296,2024,14,2,Non-Binaer,1,3h-4h,4,16,eher Ja,2,Stimmt eher nicht,3,eher Nein,2,1,3,Eher Ja,2,Stimmt eher nicht,3,5,2,Stimmt gar nicht,3,ueber  100 CHF,1-2 CHF,1,2
301,2024,15,2,Weiblich,1,3h-4h,4,16,Nein,4,Stimmt eher ,2,Weiss nicht,3,2,5,Eher nein,2,Stimmt eher,2,3,1,Stimmt eher nicht,2,ueber  100 CHF,1-2 CHF,1,3
311,2024,16,3,Weiblich,2,3h-4h,4,16,Nein,4,Stimmt,1,Nein,2,2,4,Eher nein,2,Stimmt eher nicht,3,4,2,Stimmt gar nicht,3,ueber  100 CHF,1-2 CHF,1,1
313,2024,16,3,Maennlich,1,2h-3h,3,9,Nein,4,Stimmt,1,Weiss nicht,3,2,5,Eher Ja,2,Stimmt eher nicht,3,2,2,Stimmt gar nicht,3,5 CHF,1-2 CHF,1,2
317,2024,16,3,Weiblich,1,2h-3h,3,9,eher Nein,3,Stimmt eher ,2,Nein,2,2,4,Eher nein,2,Stimmt eher nicht,3,4,2,Stimmt gar nicht,3,Wuerde ich auch gratis machen,1-2 CHF,1,6
322,2024,18,4,Maennlich,1,1h-2h,2,4,eher Ja,2,Stimmt eher ,2,Nein,2,2,4,Nein,3,Stimmt eher nicht,3,2,2,Stimmt eher nicht,2,ueber  100 CHF,1-2 CHF,1,1
328,2024,17,3,Maennlich,1,2h-3h,3,9,eher Ja,2,Stimmt,1,eher Nein,2,1,3,Eher Ja,2,Stimmt eher,2,1,1,Stimmt eher nicht,2,50 CHF,1-2 CHF,1,2
331,2024,16,3,Weiblich,1,Mehr als 5h,6,36,eher Ja,2,Stimmt eher nicht,3,eher Nein,2,1,3,Eher Ja,2,Stimmt eher,2,3,1,Stimmt eher nicht,2, 100 CHF,1-2 CHF,1,3
333,2024,16,3,Maennlich,1,2h-3h,3,9,eher Nein,3,Stimmt eher nicht,3,Nein,2,2,4,Eher Ja,2,Stimmt ganz,1,1,1,Stimmt eher nicht,2,20 CHF,1-2 CHF,1,2
339,2024,17,3,Non-Binaer,2,3h-4h,4,16,Ja,1,Stimmt eher ,2,eher Ja,1,1,1,Eher nein,2,Stimmt eher nicht,3,5,2,Stimmt eher nicht,2,50 CHF,1-2 CHF,1,4
343,2024,15,2,Weiblich,1,4h-5h,5,25,Ja,1,Stimmt,1,eher Ja,1,1,1,Nein,3,Stimmt gar nicht,4,4,2,Stimmt gar nicht,3,ueber  100 CHF,1-2 CHF,1,2
345,2024,15,2,Weiblich,2,3h-4h,4,16,Nein,4,Stimmt,1,eher Nein,2,1,3,Eher Ja,2,Stimmt eher,2,3,1,Stimmt gar nicht,3, 100 CHF,1-2 CHF,1,6
346,2024,16,3,Weiblich,1,2h-3h,3,9,Ja,1,Stimmt eher nicht,3,eher Ja,1,1,1,Eher Ja,2,Stimmt eher,2,3,1,Stimmt eher,2,50 CHF,1-2 CHF,1,1
351,2024,16,3,Maennlich,1,2h-3h,3,9,eher Ja,2,Stimmt,1,Nein,2,2,4,Eher Ja,2,Stimmt ganz,1,1,1,Stimmt ganz,1,Wuerde ich auch gratis machen,1-2 CHF,1,2
356,2024,17,3,Maennlich,1,2h-3h,3,9,eher Ja,2,Stimmt eher ,2,eher Nein,2,2,4,Eher Ja,2,Stimmt eher,2,1,1,Stimmt eher,2,Wuerde ich auch gratis machen,1-2 CHF,1,3
357,2024,20,5,Maennlich,1,3h-4h,4,16,eher Nein,3,Stimmt eher ,2,Nein,2,2,4,Eher Ja,2,Stimmt eher,2,1,3,Stimmt eher nicht,2,ueber  100 CHF,1-2 CHF,1,1
358,2024,16,3,Maennlich,1,2h-3h,3,9,eher Ja,2,Stimmt eher ,2,eher Nein,2,2,4,Nein,3,Stimmt eher nicht,3,2,2,Stimmt ganz,1, 100 CHF,1-2 CHF,1,1
362,2024,16,3,Maennlich,1,weniger als 1h,1,1,Nein,4,Stimmt,1,Weiss nicht,3,2,5,Nein,3,Stimmt eher,2,1,1,Stimmt eher nicht,2,20 CHF,1-2 CHF,1,2
366,2024,17,3,Maennlich,1,3h-4h,4,16,eher Nein,3,Stimmt,1,eher Nein,2,1,3,Ja,1,Stimmt eher nicht,3,2,2,Stimmt eher nicht,2,10 CHF,1-2 CHF,1,1
372,2024,16,3,Weiblich,1,Mehr als 5h,6,36,Ja,1,Stimmt,1,Nein,2,2,4,Nein,3,Stimmt eher nicht,3,4,2,Stimmt gar nicht,3,ueber  100 CHF,1-2 CHF,1,1
373,2024,21,5,Maennlich,1,Mehr als 5h,6,36,Nein,4,Stimmt eher ,2,eher Ja,1,1,1,Eher Ja,2,Stimmt eher nicht,3,2,4,Stimmt gar nicht,3,ueber  100 CHF,1-2 CHF,1,3
379,2025,16,3,Weiblich,1,weniger als 1h,1,1,Ja,1,Stimmt eher ,2,Nein,2,2,4,Eher nein,2,Stimmt eher nicht,3,4,2,Stimmt gar nicht,3,10 CHF,1-2 CHF,1,1
380,2025,14,2,Weiblich,1,1h-2h,2,4,Nein,4,Stimmt,1,eher Nein,2,1,3,Eher nein,2,Stimmt eher,2,3,1,Stimmt eher nicht,2,20 CHF,1-2 CHF,1,1
389,2025,15,2,Weiblich,1,2h-3h,3,9,eher Ja,2,Stimmt,1,eher Nein,2,2,4,Eher nein,2,Stimmt eher nicht,3,4,2,Stimmt gar nicht,3,50 CHF,1-2 CHF,1,3
390,2025,16,3,Weiblich,1,weniger als 1h,1,1,Nein,4,Stimmt eher ,2,Nein,2,2,4,Eher nein,2,Stimmt eher,2,3,1,Stimmt eher nicht,2,ueber  100 CHF,1-2 CHF,1,2
391,2025,17,3,Weiblich,1,3h-4h,4,16,Nein,4,Stimmt,1,Nein,2,2,4,Nein,3,Stimmt ganz,1,3,1,Stimmt eher,2,Wuerde ich auch gratis machen,1-2 CHF,1,3
394,2025,16,3,Maennlich,1,4h-5h,5,25,Nein,4,Stimmt,1,eher Nein,2,1,3,Nein,3,Stimmt eher,2,1,1,Stimmt gar nicht,3, 100 CHF,1-2 CHF,1,2
405,2025,18,4,Maennlich,1,4h-5h,5,25,Ja,1,Stimmt,1,Nein,2,2,4,Ja,1,Stimmt gar nicht,4,2,2,Stimmt gar nicht,3,Wuerde ich auch gratis machen,1-2 CHF,1,3
406,2025,18,4,Weiblich,1,3h-4h,4,16,Nein,4,Stimmt eher ,2,Nein,2,2,4,Nein,3,Stimmt eher nicht,3,4,2,Stimmt gar nicht,3,ueber  100 CHF,1-2 CHF,1,1
407,2025,17,3,Weiblich,1,3h-4h,4,16,eher Ja,2,Stimmt eher nicht,3,Nein,2,2,4,Eher Ja,2,Stimmt eher nicht,3,4,2,Stimmt gar nicht,3,ueber  100 CHF,1-2 CHF,1,1
409,2025,18,4,Weiblich,1,4h-5h,5,25,Ja,1,Stimmt eher nicht,3,eher Ja,1,1,1,Eher Ja,2,Stimmt eher nicht,3,4,2,Stimmt gar nicht,3,ueber  100 CHF,1-2 CHF,1,2
444,2025,16,3,Maennlich,1,2h-3h,3,9,eher Nein,3,Stimmt eher ,2,eher Nein,2,1,3,Eher nein,2,Stimmt eher nicht,3,2,2,Stimmt eher,2,50 CHF,1-2 CHF,1,2
466,2025,15,2,Maennlich,1,weniger als 1h,1,1,eher Nein,3,Stimmt,1,Nein,2,2,4,Eher nein,2,Stimmt ganz,1,1,1,Stimmt ganz,1, 100 CHF,1-2 CHF,1,2
472,2025,14,2,Moechte nicht antworten,1,2h-3h,3,9,Nein,4,Stimmt,1,Nein,2,2,4,Ja,1,Stimmt eher,2,5,1,Stimmt eher,2,Wuerde ich auch gratis machen,1-2 CHF,1,2
4,2021,15,2,Maennlich,1,4h-5h,5,25,Ja,1,Stimmt eher ,2,eher Nein,2,2,4,Eher nein,2,Stimmt eher,2,1,1,Stimmt ganz,1,100 CHF,3-5 CHF,2,1
12,2021,16,3,Weiblich,1,4h-5h,5,25,eher Ja,2,Stimmt eher nicht,3,eher Nein,2,1,3,Eher nein,2,Stimmt eher nicht,3,4,2,Stimmt gar nicht,3,ueber 100 CHF,3-5 CHF,2,2
16,2021,16,3,Weiblich,1,2h-3h,3,9,eher Nein,3,Stimmt,1,Weiss nicht,3,2,5,Eher Ja,2,Stimmt eher nicht,3,4,2,Stimmt eher nicht,2,Wuerde ich auch gratis machen,3-5 CHF,2,2
17,2021,17,3,Maennlich,1,Mehr als 5h,6,36,eher Ja,2,Stimmt,1,eher Nein,2,1,3,Eher Ja,2,Stimmt eher,2,1,1,Stimmt eher,2,Wuerde ich auch gratis machen,3-5 CHF,2,1
19,2021,19,4,Weiblich,1,4h-5h,5,25,eher Ja,2,Stimmt,1,Weiss nicht,3,2,5,Ja,1,Stimmt eher,2,3,1,Stimmt ganz,1,ueber 100 CHF,3-5 CHF,2,2
24,2021,42,6,Maennlich,1,weniger als 1h,1,1,eher Nein,3,Stimmt eher ,2,eher Nein,2,2,4,Eher nein,2,Stimmt eher,2,1,3,Stimmt eher nicht,2,Wuerde ich auch gratis machen,3-5 CHF,2,2
38,2021,16,3,Weiblich,1,2h-3h,3,9,Nein,4,Stimmt eher nicht,3,eher Ja,1,1,1,Eher nein,2,Stimmt eher nicht,3,4,2,Stimmt eher nicht,2,ueber 100 CHF,3-5 CHF,2,3
51,2021,16,3,Weiblich,1,2h-3h,3,9,Ja,1,Stimmt eher nicht,3,eher Nein,2,1,3,Ja,1,Stimmt eher,2,3,1,Stimmt eher,2,100 CHF,3-5 CHF,2,2
59,2021,16,3,Maennlich,1,3h-4h,4,16,eher Ja,2,Stimmt,1,eher Nein,2,2,4,Eher nein,2,Stimmt eher nicht,3,2,2,Stimmt ganz,1,20 CHF,3-5 CHF,2,2
64,2021,14,2,Maennlich,1,3h-4h,4,16,eher Ja,2,Stimmt eher ,2,Nein,2,2,4,Eher Ja,2,Stimmt gar nicht,4,2,2,Stimmt gar nicht,3,50 CHF,3-5 CHF,2,3
72,2021,15,2,Weiblich,1,2h-3h,3,9,eher Ja,2,Stimmt,1,eher Nein,2,2,4,Eher nein,2,Stimmt eher,2,3,1,Stimmt eher nicht,2,Wuerde ich auch gratis machen,3-5 CHF,2,4
76,2021,46,6,Maennlich,1,1h-2h,2,4,eher Ja,2,Stimmt,1,Weiss nicht,3,2,5,Eher nein,2,Stimmt eher,2,1,3,Stimmt eher,2,Wuerde ich auch gratis machen,3-5 CHF,2,4
77,2021,16,3,Maennlich,1,3h-4h,4,16,Nein,4,Stimmt eher ,2,Nein,2,1,3,Eher nein,2,Stimmt eher nicht,3,2,2,Stimmt eher nicht,2,50 CHF,3-5 CHF,2,3
82,2021,53,6,Weiblich,1,1h-2h,2,4,Ja,1,Stimmt,1,Nein,2,2,4,Eher Ja,2,Stimmt eher nicht,3,4,4,Stimmt eher nicht,2,50 CHF,3-5 CHF,2,2
90,2021,46,6,Maennlich,1,weniger als 1h,1,1,Ja,1,Stimmt eher ,2,Weiss nicht,3,2,5,Eher nein,2,Stimmt eher,2,1,3,Stimmt eher,2,Wuerde ich auch gratis machen,3-5 CHF,2,1
93,2021,17,3,Maennlich,1,Mehr als 5h,6,36,eher Ja,2,Stimmt,1,Nein,2,1,3,Eher nein,2,Stimmt ganz,1,1,1,Stimmt eher nicht,2,Wuerde ich auch gratis machen,3-5 CHF,2,3
96,2021,26,5,Weiblich,1,2h-3h,3,9,Ja,1,Stimmt eher ,2,eher Nein,2,2,4,Eher nein,2,Stimmt eher,2,3,3,Stimmt eher nicht,2,100 CHF,3-5 CHF,2,1
101,2021,16,3,Maennlich,1,4h-5h,5,25,Ja,1,Stimmt eher ,2,eher Nein,2,1,3,Eher nein,2,Stimmt eher nicht,3,2,2,Stimmt gar nicht,3,ueber 100 CHF,3-5 CHF,2,1
111,2021,16,3,Weiblich,1,3h-4h,4,16,Ja,1,Stimmt,1,Nein,2,1,3,Ja,1,Stimmt eher nicht,3,4,2,Stimmt gar nicht,3,100 CHF,3-5 CHF,2,2
116,2021,16,3,Weiblich,1,2h-3h,3,9,eher Ja,2,Stimmt,1,Weiss nicht,3,1,5,Eher Ja,2,Stimmt eher nicht,3,4,2,Stimmt eher nicht,2,ueber 100 CHF,3-5 CHF,2,2
118,2021,15,2,Maennlich,1,3h-4h,4,16,eher Ja,2,Stimmt eher nicht,3,eher Nein,2,1,3,Ja,1,Stimmt eher,2,1,1,Stimmt eher nicht,2,ueber 100 CHF,3-5 CHF,2,4
121,2021,14,2,Weiblich,1,1h-2h,2,4,eher Nein,3,Stimmt,1,eher Ja,1,1,1,Eher Ja,2,Stimmt eher nicht,3,4,2,Stimmt eher nicht,2,100 CHF,3-5 CHF,2,1
130,2022,17,3,Moechte nicht antworten,1,3h-4h,4,16,Ja,1,Stimmt eher ,2,Nein,2,1,3,Ja,1,Stimmt eher,2,5,1,Stimmt eher nicht,2,ueber 100 CHF,3-5 CHF,2,2
143,2022,14,2,Weiblich,1,3h-4h,4,16,Ja,1,Stimmt eher ,2,Nein,2,1,3,Ja,1,Stimmt eher,2,3,1,Stimmt gar nicht,3,ueber 100 CHF,3-5 CHF,2,1
148,2022,15,2,Maennlich,1,3h-4h,4,16,eher Nein,3,Stimmt eher ,2,eher Ja,1,1,1,Eher Ja,2,Stimmt eher nicht,3,2,2,Stimmt eher nicht,2,20 CHF,3-5 CHF,2,1
155,2022,15,2,Weiblich,1,3h-4h,4,16,eher Ja,2,Stimmt,1,eher Nein,2,1,3,Eher nein,2,Stimmt eher,2,3,1,Stimmt eher,2,10 CHF,3-5 CHF,2,2
159,2022,16,3,Weiblich,1,3h-4h,4,16,Ja,1,Stimmt eher nicht,3,Weiss nicht,3,2,5,Eher nein,2,Stimmt ganz,1,3,1,Stimmt gar nicht,3,ueber 100 CHF,3-5 CHF,2,1
162,2022,15,2,Weiblich,1,3h-4h,4,16,eher Ja,2,Stimmt,1,eher Nein,2,1,3,Eher Ja,2,Stimmt eher,2,3,1,Stimmt gar nicht,3,Wuerde ich auch gratis machen,3-5 CHF,2,3
167,2022,16,3,Maennlich,1,4h-5h,5,25,Ja,1,Stimmt eher nicht,3,eher Ja,1,1,1,Ja,1,Stimmt eher nicht,3,2,2,Stimmt gar nicht,3,100 CHF,3-5 CHF,2,3
171,2022,16,3,Maennlich,1,3h-4h,4,16,eher Nein,3,Stimmt eher ,2,Weiss nicht,3,2,5,Eher Ja,2,Stimmt eher nicht,3,2,2,Stimmt ganz,1,ueber 100 CHF,3-5 CHF,2,2
184,2022,16,3,Maennlich,2,1h-2h,2,4,eher Ja,2,Stimmt,1,Nein,2,2,4,Ich brauche Social Media nie,3,Stimmt eher,2,1,1,Stimmt eher,2,20 CHF,3-5 CHF,2,2
186,2022,17,3,Maennlich,1,1h-2h,2,4,Nein,4,Stimmt,1,Weiss nicht,3,2,5,Eher nein,2,Stimmt eher,2,1,1,Stimmt eher nicht,2,ueber 100 CHF,3-5 CHF,2,2
188,2022,16,3,Weiblich,1,3h-4h,4,16,eher Ja,2,Stimmt eher ,2,eher Nein,2,2,4,Eher Ja,2,Stimmt ganz,1,3,1,Stimmt eher,2,100 CHF,3-5 CHF,2,2
208,2023,15,2,Maennlich,1,1h-2h,2,4,eher Ja,2,Stimmt eher ,2,Nein,2,2,4,Eher Ja,2,Stimmt eher nicht,3,2,2,Stimmt eher nicht,2,20 CHF,3-5 CHF,2,2
212,2023,14,2,Weiblich,1,2h-3h,3,9,eher Ja,2,Stimmt eher ,2,eher Ja,1,1,1,Eher Ja,2,Stimmt eher nicht,3,4,2,Stimmt gar nicht,3,20 CHF,3-5 CHF,2,2
214,2023,15,2,Maennlich,1,2h-3h,3,9,Nein,4,Stimmt,1,Weiss nicht,3,2,5,Eher Ja,2,Stimmt eher,2,1,1,Stimmt gar nicht,3,50 CHF,3-5 CHF,2,1
219,2023,17,3,Weiblich,1,2h-3h,3,9,Nein,4,Stimmt eher ,2,Nein,2,1,3,Nein,3,Stimmt ganz,1,3,1,Stimmt gar nicht,3,ueber  100 CHF,3-5 CHF,2,1
237,2023,17,3,Non-Binaer,1,Mehr als 5h,6,36,eher Ja,2,Stimmt eher ,2,Nein,2,1,3,Ja,1,Stimmt eher,2,5,1,Stimmt eher nicht,2,ueber  100 CHF,3-5 CHF,2,5
239,2023,17,3,Weiblich,1,3h-4h,4,16,eher Ja,2,Stimmt,1,Nein,2,2,4,Nein,3,Stimmt eher,2,3,1,Stimmt eher nicht,2,ueber  100 CHF,3-5 CHF,2,1
240,2023,16,3,Weiblich,1,4h-5h,5,25,Nein,4,Stimmt,1,eher Nein,2,1,3,Ja,1,Stimmt eher,2,3,1,Stimmt gar nicht,3,100 CHF,3-5 CHF,2,1
241,2023,17,3,Maennlich,1,1h-2h,2,4,eher Ja,2,Stimmt,1,Ja,1,1,1,Eher nein,2,Stimmt eher nicht,3,2,2,Stimmt gar nicht,3,20 CHF,3-5 CHF,2,4
245,2023,18,4,Maennlich,1,1h-2h,2,4,eher Ja,2,Stimmt eher ,2,eher Ja,1,2,2,Eher nein,2,Stimmt eher nicht,3,2,2,Stimmt eher,2,100 CHF,3-5 CHF,2,2
246,2023,17,3,Maennlich,1,Mehr als 5h,6,36,Ja,1,Stimmt nicht,4,eher Nein,2,2,4,Ja,1,Stimmt eher nicht,3,2,2,Stimmt gar nicht,3,ueber  100 CHF,3-5 CHF,2,3
247,2023,16,3,Maennlich,1,4h-5h,5,25,eher Ja,2,Stimmt eher nicht,3,Nein,2,2,4,Ja,1,Stimmt gar nicht,4,2,2,Stimmt ganz,1,50 CHF,3-5 CHF,2,2
248,2023,15,2,Weiblich,1,2h-3h,3,9,Ja,1,Stimmt eher ,2,Nein,2,1,3,Ja,1,Stimmt eher nicht,3,4,2,Stimmt gar nicht,3,100 CHF,3-5 CHF,2,2
255,2023,18,4,Moechte nicht antworten,1,1h-2h,2,4,Ja,1,Stimmt eher ,2,Nein,2,2,4,Eher nein,2,Stimmt eher,2,5,1,Stimmt eher,2,ueber  100 CHF,3-5 CHF,2,1
272,2023,17,3,Non-Binaer,1,2h-3h,3,9,eher Ja,2,Stimmt,1,eher Nein,2,1,3,Nein,3,Stimmt eher nicht,3,5,2,Stimmt gar nicht,3,10 CHF,3-5 CHF,2,1
278,2023,16,3,Maennlich,1,3h-4h,4,16,Nein,4,Stimmt eher nicht,3,eher Nein,2,1,3,Eher Ja,2,Stimmt eher nicht,3,2,2,Stimmt eher nicht,2,100 CHF,3-5 CHF,2,2
279,2023,19,4,Maennlich,1,3h-4h,4,16,eher Nein,3,Stimmt eher nicht,3,eher Nein,2,2,4,Ja,1,Stimmt ganz,1,1,1,Stimmt eher nicht,2,ueber  100 CHF,3-5 CHF,2,3
284,2023,17,3,Weiblich,1,3h-4h,4,16,Ja,1,Stimmt,1,eher Ja,1,1,1,Ja,1,Stimmt eher,2,3,1,Stimmt eher nicht,2,100 CHF,3-5 CHF,2,2
295,2024,16,3,Maennlich,2,3h-4h,4,16,Nein,4,Stimmt eher ,2,Nein,2,2,4,Eher nein,2,Stimmt eher nicht,3,2,2,Stimmt eher nicht,2,20 CHF,3-5 CHF,2,2
307,2024,17,3,Weiblich,1,3h-4h,4,16,eher Nein,3,Stimmt eher ,2,Weiss nicht,3,1,5,Eher Ja,2,Stimmt eher nicht,3,4,2,Stimmt gar nicht,3, 100 CHF,3-5 CHF,2,1
309,2024,16,3,Maennlich,1,3h-4h,4,16,Nein,4,Stimmt eher nicht,3,Nein,2,1,3,Ja,1,Stimmt eher nicht,3,2,2,Stimmt eher nicht,2,Wuerde ich auch gratis machen,3-5 CHF,2,2
316,2024,15,2,Weiblich,1,1h-2h,2,4,Nein,4,Stimmt eher ,2,Nein,2,2,4,Eher Ja,2,Stimmt ganz,1,3,1,Stimmt gar nicht,3,Wuerde ich auch gratis machen,3-5 CHF,2,1
336,2024,17,3,Weiblich,1,2h-3h,3,9,eher Ja,2,Stimmt eher ,2,eher Ja,1,1,1,Ja,1,Stimmt eher,2,3,1,Stimmt gar nicht,3,ueber  100 CHF,3-5 CHF,2,6
341,2024,16,3,Maennlich,1,2h-3h,3,9,eher Ja,2,Stimmt eher ,2,eher Nein,2,1,3,Eher nein,2,Stimmt gar nicht,4,2,2,Stimmt gar nicht,3,50 CHF,3-5 CHF,2,2
350,2024,17,3,Weiblich,1,2h-3h,3,9,Ja,1,Stimmt eher ,2,eher Ja,1,1,1,Eher Ja,2,Stimmt eher nicht,3,4,2,Stimmt eher nicht,2, 100 CHF,3-5 CHF,2,3
355,2024,16,3,Weiblich,1,3h-4h,4,16,eher Nein,3,Stimmt eher nicht,3,Nein,2,1,3,Ja,1,Stimmt eher,2,3,1,Stimmt gar nicht,3,ueber  100 CHF,3-5 CHF,2,2
360,2024,17,3,Maennlich,1,Mehr als 5h,6,36,eher Ja,2,Stimmt eher ,2,eher Nein,2,1,3,Eher nein,2,Stimmt eher,2,1,1,Stimmt gar nicht,3,ueber  100 CHF,3-5 CHF,2,3
367,2024,16,3,Weiblich,1,Mehr als 5h,6,36,Ja,1,Stimmt eher ,2,eher Nein,2,1,3,Eher nein,2,Stimmt eher nicht,3,4,2,Stimmt gar nicht,3, 100 CHF,3-5 CHF,2,1
401,2025,16,3,Weiblich,1,2h-3h,3,9,Nein,4,Stimmt eher ,2,Nein,2,1,3,Eher nein,2,Stimmt eher,2,3,1,Stimmt gar nicht,3,Wuerde ich auch gratis machen,3-5 CHF,2,1
412,2025,18,4,Weiblich,1,1h-2h,2,4,eher Ja,2,Stimmt eher ,2,Weiss nicht,3,2,5,Eher Ja,2,Stimmt eher,2,3,1,Stimmt eher nicht,2,ueber  100 CHF,3-5 CHF,2,1
421,2025,15,2,Weiblich,1,1h-2h,2,4,Nein,4,Stimmt,1,eher Nein,2,2,4,Eher nein,2,Stimmt eher,2,3,1,Stimmt eher nicht,2,20 CHF,3-5 CHF,2,2
424,2025,18,4,Maennlich,1,1h-2h,2,4,eher Ja,2,Stimmt,1,eher Ja,1,1,1,Ja,1,Stimmt gar nicht,4,2,2,Stimmt gar nicht,3,50 CHF,3-5 CHF,2,2
425,2025,17,3,Maennlich,1,2h-3h,3,9,eher Ja,2,Stimmt eher nicht,3,eher Nein,2,1,3,Ja,1,Stimmt eher,2,1,1,Stimmt eher,2,50 CHF,3-5 CHF,2,2
454,2025,14,2,Weiblich,1,2h-3h,3,9,eher Nein,3,Stimmt,1,Weiss nicht,3,2,5,Eher nein,2,Stimmt eher nicht,3,4,2,Stimmt eher nicht,2, 100 CHF,3-5 CHF,2,1
455,2025,15,2,Weiblich,1,3h-4h,4,16,eher Ja,2,Stimmt eher ,2,Nein,2,2,4,Eher nein,2,Stimmt ganz,1,3,1,Stimmt gar nicht,3,Wuerde ich auch gratis machen,3-5 CHF,2,2
461,2025,14,2,Weiblich,1,Mehr als 5h,6,36,eher Ja,2,Stimmt eher ,2,Nein,2,1,3,Eher Ja,2,Stimmt eher nicht,3,4,2,Stimmt gar nicht,3,ueber  100 CHF,3-5 CHF,2,6
473,2025,15,2,Maennlich,1,2h-3h,3,9,eher Nein,3,Stimmt eher nicht,3,eher Nein,2,1,3,Ja,1,Stimmt eher nicht,3,2,2,Stimmt gar nicht,3,ueber  100 CHF,3-5 CHF,2,1
3,2021,14,2,Maennlich,1,4h-5h,5,25,Ja,1,Stimmt nicht,4,eher Nein,2,2,4,Nein,3,Stimmt eher,2,1,1,Stimmt gar nicht,3,ueber 100 CHF,6-10 CHF,3,3
15,2021,20,5,Weiblich,1,1h-2h,2,4,eher Ja,2,Stimmt,1,Weiss nicht,3,2,5,Eher nein,2,Stimmt eher,2,3,3,Stimmt eher,2,Wuerde ich auch gratis machen,6-10 CHF,3,4
21,2021,18,4,Weiblich,2,3h-4h,4,16,Nein,4,Stimmt nicht,4,Weiss nicht,3,2,5,Ja,1,Stimmt eher,2,3,1,Stimmt eher nicht,2,ueber 100 CHF,6-10 CHF,3,2
30,2021,16,3,Weiblich,1,3h-4h,4,16,Ja,1,Stimmt eher nicht,3,Nein,2,2,4,Ja,1,Stimmt eher nicht,3,4,2,Stimmt gar nicht,3,ueber 100 CHF,6-10 CHF,3,2
37,2021,15,2,Maennlich,1,1h-2h,2,4,eher Ja,2,Stimmt eher ,2,Weiss nicht,3,2,5,Eher Ja,2,Stimmt eher nicht,3,2,2,Stimmt gar nicht,3,50 CHF,6-10 CHF,3,3
41,2021,16,3,Weiblich,1,3h-4h,4,16,Nein,4,Stimmt nicht,4,Nein,2,1,3,Eher Ja,2,Stimmt eher nicht,3,4,2,Stimmt eher nicht,2,ueber 100 CHF,6-10 CHF,3,2
84,2021,38,6,Weiblich,1,3h-4h,4,16,eher Ja,2,Stimmt eher ,2,eher Nein,2,2,4,Eher nein,2,Stimmt eher,2,3,3,Stimmt eher,2,ueber 100 CHF,6-10 CHF,3,1
100,2021,15,2,Maennlich,1,1h-2h,2,4,Ja,1,Stimmt,1,Nein,2,2,4,Ja,1,Stimmt eher nicht,3,2,2,Stimmt eher nicht,2,Wuerde ich auch gratis machen,6-10 CHF,3,2
117,2021,15,2,Weiblich,1,3h-4h,4,16,eher Ja,2,Stimmt eher ,2,eher Nein,2,1,3,Ja,1,Stimmt eher nicht,3,4,2,Stimmt eher nicht,2,100 CHF,6-10 CHF,3,2
129,2022,16,3,Maennlich,1,3h-4h,4,16,Nein,4,Stimmt eher nicht,3,Nein,2,1,3,Eher Ja,2,Stimmt eher,2,1,1,Stimmt eher nicht,2,ueber 100 CHF,6-10 CHF,3,2
137,2022,19,4,Non-Binaer,1,4h-5h,5,25,eher Ja,2,Stimmt nicht,4,Weiss nicht,3,1,5,Eher nein,2,Stimmt eher nicht,3,5,2,Stimmt gar nicht,3,ueber 100 CHF,6-10 CHF,3,2
152,2022,15,2,Weiblich,2,2h-3h,3,9,Nein,4,Stimmt,1,Ja,1,1,1,Eher nein,2,Stimmt eher,2,3,1,Stimmt gar nicht,3,5 CHF,6-10 CHF,3,2
156,2022,15,2,Maennlich,1,1h-2h,2,4,Nein,4,Stimmt eher nicht,3,eher Nein,2,2,4,Ja,1,Stimmt eher nicht,3,2,2,Stimmt gar nicht,3,100 CHF,6-10 CHF,3,1
157,2022,15,2,Weiblich,1,4h-5h,5,25,Ja,1,Stimmt,1,eher Nein,2,1,3,Eher nein,2,Stimmt eher,2,3,1,Stimmt eher,2,100 CHF,6-10 CHF,3,2
178,2022,16,3,Weiblich,1,2h-3h,3,9,Nein,4,Stimmt,1,Nein,2,1,3,Ja,1,Stimmt ganz,1,3,1,Stimmt gar nicht,3,100 CHF,6-10 CHF,3,2
180,2022,16,3,Weiblich,1,3h-4h,4,16,eher Ja,2,Stimmt,1,Ja,1,1,1,Ja,1,Stimmt eher,2,3,1,Stimmt gar nicht,3,50 CHF,6-10 CHF,3,2
183,2022,16,3,Non-Binaer,1,2h-3h,3,9,eher Ja,2,Stimmt,1,eher Ja,1,1,1,Eher Ja,2,Stimmt eher,2,5,1,Stimmt gar nicht,3,100 CHF,6-10 CHF,3,2
187,2022,16,3,Weiblich,1,4h-5h,5,25,Ja,1,Stimmt eher nicht,3,Ja,1,1,1,Ja,1,Stimmt eher nicht,3,4,2,Stimmt gar nicht,3,50 CHF,6-10 CHF,3,2
199,2023,15,2,Weiblich,1,2h-3h,3,9,Ja,1,Stimmt eher nicht,3,eher Nein,2,2,4,Nein,3,Stimmt eher nicht,3,4,2,Stimmt eher,2,100 CHF,6-10 CHF,3,1
200,2023,15,2,Weiblich,1,1h-2h,2,4,eher Nein,3,Stimmt,1,eher Nein,2,1,3,Ja,1,Stimmt eher nicht,3,4,2,Stimmt gar nicht,3,Wuerde ich auch gratis machen,6-10 CHF,3,2
201,2023,15,2,Maennlich,1,2h-3h,3,9,Nein,4,Stimmt eher ,2,eher Ja,1,1,1,Eher Ja,2,Stimmt eher nicht,3,2,2,Stimmt eher nicht,2,Wuerde ich auch gratis machen,6-10 CHF,3,2
209,2023,15,2,Weiblich,1,1h-2h,2,4,Nein,4,Stimmt,1,Weiss nicht,3,2,5,Eher nein,2,Stimmt gar nicht,4,4,2,Stimmt gar nicht,3,Wuerde ich auch gratis machen,6-10 CHF,3,1
220,2023,17,3,Weiblich,1,2h-3h,3,9,Ja,1,Stimmt,1,eher Ja,1,1,1,Eher Ja,2,Stimmt eher nicht,3,4,2,Stimmt eher,2,ueber  100 CHF,6-10 CHF,3,4
221,2023,16,3,Weiblich,1,3h-4h,4,16,eher Nein,3,Stimmt nicht,4,eher Ja,1,1,1,Eher Ja,2,Stimmt eher nicht,3,4,2,Stimmt eher nicht,2,100 CHF,6-10 CHF,3,4
223,2023,16,3,Weiblich,1,4h-5h,5,25,Ja,1,Stimmt eher ,2,Nein,2,2,4,Eher Ja,2,Stimmt eher,2,3,1,Stimmt eher,2,100 CHF,6-10 CHF,3,4
227,2023,16,3,Maennlich,1,3h-4h,4,16,eher Ja,2,Stimmt eher nicht,3,Nein,2,1,3,Eher nein,2,Stimmt eher nicht,3,2,2,Stimmt gar nicht,3,100 CHF,6-10 CHF,3,2
242,2023,16,3,Weiblich,2,Mehr als 5h,6,36,Ja,1,Stimmt nicht,4,eher Ja,1,2,2,Eher Ja,2,Stimmt eher nicht,3,4,2,Stimmt eher nicht,2,ueber  100 CHF,6-10 CHF,3,1
249,2023,16,3,Weiblich,1,3h-4h,4,16,Nein,4,Stimmt eher ,2,Nein,2,2,4,Ja,1,Stimmt eher nicht,3,4,2,Stimmt eher nicht,2,100 CHF,6-10 CHF,3,3
252,2023,16,3,Maennlich,1,1h-2h,2,4,Ja,1,Stimmt,1,Nein,2,1,3,Eher nein,2,Stimmt eher nicht,3,2,2,Stimmt eher nicht,2,50 CHF,6-10 CHF,3,1
254,2023,16,3,Weiblich,1,2h-3h,3,9,eher Ja,2,Stimmt eher nicht,3,eher Nein,2,1,3,Eher nein,2,Stimmt eher nicht,3,4,2,Stimmt gar nicht,3,ueber  100 CHF,6-10 CHF,3,1
260,2023,17,3,Maennlich,1,2h-3h,3,9,eher Ja,2,Stimmt,1,Nein,2,2,4,Ja,1,Stimmt eher nicht,3,2,2,Stimmt gar nicht,3,ueber  100 CHF,6-10 CHF,3,3
265,2023,16,3,Maennlich,1,2h-3h,3,9,eher Nein,3,Stimmt eher ,2,eher Nein,2,2,4,Eher Ja,2,Stimmt eher nicht,3,2,2,Stimmt eher nicht,2,100 CHF,6-10 CHF,3,1
268,2023,18,4,Maennlich,1,Mehr als 5h,6,36,Ja,1,Stimmt eher nicht,3,Nein,2,2,4,Eher Ja,2,Stimmt eher nicht,3,2,2,Stimmt ganz,1,ueber  100 CHF,6-10 CHF,3,1
282,2023,16,3,Weiblich,1,2h-3h,3,9,eher Nein,3,Stimmt eher ,2,Weiss nicht,3,2,5,Eher nein,2,Stimmt eher,2,3,1,Stimmt eher,2,Wuerde ich auch gratis machen,6-10 CHF,3,1
299,2024,14,2,Weiblich,1,1h-2h,2,4,Nein,4,Stimmt,1,Weiss nicht,3,2,5,Eher nein,2,Stimmt eher,2,3,1,Stimmt gar nicht,3,50 CHF,6-10 CHF,3,1
305,2024,17,3,Maennlich,1,4h-5h,5,25,eher Nein,3,Stimmt,1,Nein,2,2,4,Ja,1,Stimmt eher nicht,3,2,2,Stimmt eher,2, 100 CHF,6-10 CHF,3,1
306,2024,16,3,Weiblich,1,2h-3h,3,9,eher Ja,2,Stimmt eher ,2,eher Nein,2,1,3,Eher Ja,2,Stimmt eher nicht,3,4,2,Stimmt gar nicht,3,50 CHF,6-10 CHF,3,2
308,2024,16,3,Maennlich,1,3h-4h,4,16,eher Nein,3,Stimmt,1,Nein,2,2,4,Nein,3,Stimmt eher,2,1,1,Stimmt eher nicht,2,50 CHF,6-10 CHF,3,2
310,2024,16,3,Maennlich,1,2h-3h,3,9,Ja,1,Stimmt eher nicht,3,eher Nein,2,2,4,Nein,3,Stimmt eher nicht,3,2,2,Stimmt eher nicht,2,50 CHF,6-10 CHF,3,2
312,2024,16,3,Weiblich,1,2h-3h,3,9,Nein,4,Stimmt,1,Weiss nicht,3,2,5,Eher Ja,2,Stimmt eher nicht,3,4,2,Stimmt eher nicht,2,Wuerde ich auch gratis machen,6-10 CHF,3,2
321,2024,16,3,Weiblich,1,3h-4h,4,16,eher Nein,3,Stimmt nicht,4,eher Nein,2,1,3,Eher Ja,2,Stimmt eher nicht,3,4,2,Stimmt gar nicht,3,ueber  100 CHF,6-10 CHF,3,2
324,2024,17,3,Weiblich,1,2h-3h,3,9,Ja,1,Stimmt eher nicht,3,eher Ja,1,2,2,Eher Ja,2,Stimmt eher,2,3,1,Stimmt gar nicht,3,ueber  100 CHF,6-10 CHF,3,2
329,2024,18,4,Weiblich,1,2h-3h,3,9,Ja,1,Stimmt nicht,4,eher Ja,1,1,1,Eher nein,2,Stimmt eher nicht,3,4,2,Stimmt eher nicht,2,ueber  100 CHF,6-10 CHF,3,6
337,2024,16,3,Weiblich,1,1h-2h,2,4,eher Ja,2,Stimmt,1,Nein,2,2,4,Eher Ja,2,Stimmt eher,2,3,1,Stimmt gar nicht,3,20 CHF,6-10 CHF,3,1
348,2024,16,3,Weiblich,1,1h-2h,2,4,Ja,1,Stimmt eher nicht,3,Nein,2,2,4,Nein,3,Stimmt eher nicht,3,4,2,Stimmt gar nicht,3, 100 CHF,6-10 CHF,3,1
359,2024,15,2,Weiblich,1,3h-4h,4,16,Ja,1,Stimmt eher nicht,3,eher Nein,2,1,3,Eher nein,2,Stimmt eher,2,3,1,Stimmt gar nicht,3,ueber  100 CHF,6-10 CHF,3,4
363,2024,17,3,Maennlich,1,1h-2h,2,4,Ja,1,Stimmt eher ,2,eher Ja,1,1,1,Eher Ja,2,Stimmt eher,2,1,1,Stimmt eher,2,ueber  100 CHF,6-10 CHF,3,2
364,2024,15,2,Weiblich,1,2h-3h,3,9,eher Ja,2,Stimmt eher ,2,eher Ja,1,1,1,Eher Ja,2,Stimmt eher nicht,3,4,2,Stimmt gar nicht,3,50 CHF,6-10 CHF,3,2
398,2025,17,3,Weiblich,1,2h-3h,3,9,Ja,1,Stimmt eher nicht,3,Nein,2,2,4,Nein,3,Stimmt eher nicht,3,4,2,Stimmt eher,2,ueber  100 CHF,6-10 CHF,3,1
418,2025,34,6,Maennlich,1,4h-5h,5,25,Ja,1,Stimmt,1,Nein,2,2,4,Ja,1,Stimmt eher,2,1,3,Stimmt eher nicht,2,20 CHF,6-10 CHF,3,1
426,2025,17,3,Weiblich,1,weniger als 1h,1,1,eher Nein,3,Stimmt,1,Nein,2,2,4,Eher nein,2,Stimmt eher nicht,3,4,2,Stimmt eher nicht,2,20 CHF,6-10 CHF,3,1
431,2025,16,3,Weiblich,1,3h-4h,4,16,Ja,1,Stimmt eher nicht,3,eher Nein,2,2,4,Eher Ja,2,Stimmt eher nicht,3,4,2,Stimmt eher nicht,2,ueber  100 CHF,6-10 CHF,3,2
433,2025,18,4,Weiblich,1,Mehr als 5h,6,36,Ja,1,Stimmt eher nicht,3,Nein,2,1,3,Eher Ja,2,Stimmt eher nicht,3,4,2,Stimmt gar nicht,3,ueber  100 CHF,6-10 CHF,3,4
442,2025,16,3,Weiblich,1,3h-4h,4,16,eher Ja,2,Stimmt eher nicht,3,eher Ja,1,1,1,Ja,1,Stimmt eher nicht,3,4,2,Stimmt gar nicht,3, 100 CHF,6-10 CHF,3,2
447,2025,16,3,Weiblich,1,3h-4h,4,16,eher Ja,2,Stimmt,1,eher Nein,2,2,4,Eher nein,2,Stimmt eher nicht,3,4,2,Stimmt gar nicht,3,Wuerde ich auch gratis machen,6-10 CHF,3,1
456,2025,18,4,Maennlich,1,1h-2h,2,4,eher Ja,2,Stimmt eher ,2,Nein,2,2,4,Eher Ja,2,Stimmt eher nicht,3,2,2,Stimmt gar nicht,3,ueber  100 CHF,6-10 CHF,3,3
474,2025,15,2,Maennlich,1,2h-3h,3,9,Nein,4,Stimmt,1,eher Ja,1,1,1,Ja,1,Stimmt eher nicht,3,2,2,Stimmt gar nicht,3,10 CHF,6-10 CHF,3,1
14,2021,17,3,Maennlich,1,Mehr als 5h,6,36,Ja,1,Stimmt eher nicht,3,Nein,2,2,4,Eher nein,2,Stimmt eher nicht,3,2,2,Stimmt gar nicht,3,100 CHF,11-20 CHF,4,3
50,2021,14,2,Weiblich,1,Mehr als 5h,6,36,eher Ja,2,Stimmt eher ,2,eher Nein,2,1,3,Eher nein,2,Stimmt gar nicht,4,4,2,Stimmt gar nicht,3,20 CHF,11-20 CHF,4,2
52,2021,17,3,Maennlich,1,1h-2h,2,4,Ja,1,Stimmt,1,Nein,2,2,4,Eher Ja,2,Stimmt eher nicht,3,2,2,Stimmt eher nicht,2,100 CHF,11-20 CHF,4,1
62,2021,17,3,Maennlich,1,3h-4h,4,16,eher Ja,2,Stimmt eher ,2,eher Nein,2,2,4,Nein,3,Stimmt eher,2,1,1,Stimmt eher,2,20 CHF,11-20 CHF,4,2
74,2021,29,5,Weiblich,1,1h-2h,2,4,Ja,1,Stimmt eher nicht,3,Weiss nicht,3,2,5,Eher nein,2,Stimmt eher,2,3,3,Stimmt gar nicht,3,ueber 100 CHF,11-20 CHF,4,1
97,2021,16,3,Maennlich,1,4h-5h,5,25,Ja,1,Stimmt,1,Nein,2,1,3,Eher nein,2,Stimmt eher nicht,3,2,2,Stimmt gar nicht,3,Wuerde ich auch gratis machen,11-20 CHF,4,2
105,2021,15,2,Maennlich,1,2h-3h,3,9,Nein,4,Stimmt,1,Nein,2,2,4,Ja,1,Stimmt eher nicht,3,2,2,Stimmt ganz,1,ueber 100 CHF,11-20 CHF,4,2
106,2021,16,3,Weiblich,1,Mehr als 5h,6,36,eher Nein,3,Stimmt,1,eher Ja,1,1,1,Eher Ja,2,Stimmt eher,2,3,1,Stimmt eher,2,50 CHF,11-20 CHF,4,2
108,2021,16,3,Maennlich,1,2h-3h,3,9,Ja,1,Stimmt eher nicht,3,Nein,2,2,4,Ja,1,Stimmt eher nicht,3,2,2,Stimmt eher nicht,2,100 CHF,11-20 CHF,4,2
110,2021,15,2,Weiblich,1,2h-3h,3,9,eher Nein,3,Stimmt eher ,2,eher Ja,1,1,1,Ja,1,Stimmt eher nicht,3,4,2,Stimmt gar nicht,3,ueber 100 CHF,11-20 CHF,4,4
115,2021,16,3,Maennlich,1,2h-3h,3,9,Ja,1,Stimmt,1,eher Nein,2,1,3,Eher nein,2,Stimmt eher nicht,3,2,2,Stimmt gar nicht,3,50 CHF,11-20 CHF,4,2
122,2021,15,2,Weiblich,1,Mehr als 5h,6,36,eher Ja,2,Stimmt,1,eher Ja,1,1,1,Ja,1,Stimmt gar nicht,4,4,2,Stimmt gar nicht,3,ueber 100 CHF,11-20 CHF,4,3
150,2022,15,2,Moechte nicht antworten,1,1h-2h,2,4,Ja,1,Stimmt,1,eher Nein,2,1,3,Eher nein,2,Stimmt eher,2,5,1,Stimmt eher nicht,2,100 CHF,11-20 CHF,4,2
174,2022,17,3,Maennlich,1,3h-4h,4,16,Ja,1,Stimmt eher ,2,Weiss nicht,3,1,5,Eher Ja,2,Stimmt eher,2,1,1,Stimmt gar nicht,3,Wuerde ich auch gratis machen,11-20 CHF,4,2
189,2022,16,3,Maennlich,1,3h-4h,4,16,eher Ja,2,Stimmt eher ,2,eher Ja,1,1,1,Eher Ja,2,Stimmt eher nicht,3,2,2,Stimmt eher nicht,2,100 CHF,11-20 CHF,4,3
191,2022,17,3,Weiblich,1,4h-5h,5,25,eher Nein,3,Stimmt eher nicht,3,Weiss nicht,3,2,5,Eher nein,2,Stimmt eher nicht,3,4,2,Stimmt gar nicht,3,100 CHF,11-20 CHF,4,3
203,2023,15,2,Weiblich,1,3h-4h,4,16,Nein,4,Stimmt eher nicht,3,eher Ja,1,1,1,Ja,1,Stimmt eher,2,3,1,Stimmt gar nicht,3,ueber  100 CHF,11-20 CHF,4,5
204,2023,16,3,Maennlich,1,1h-2h,2,4,Ja,1,Stimmt eher nicht,3,Nein,2,2,4,Nein,3,Stimmt eher nicht,3,2,2,Stimmt eher nicht,2,100 CHF,11-20 CHF,4,3
205,2023,15,2,Maennlich,1,2h-3h,3,9,Nein,4,Stimmt eher ,2,Nein,2,1,3,Eher Ja,2,Stimmt eher nicht,3,2,2,Stimmt gar nicht,3,50 CHF,11-20 CHF,4,1
213,2023,15,2,Maennlich,1,1h-2h,2,4,Nein,4,Stimmt eher nicht,3,Nein,2,2,4,Eher Ja,2,Stimmt eher,2,1,1,Stimmt ganz,1,ueber  100 CHF,11-20 CHF,4,1
218,2023,17,3,Weiblich,1,1h-2h,2,4,Ja,1,Stimmt,1,eher Nein,2,1,3,Eher Ja,2,Stimmt eher,2,3,1,Stimmt eher nicht,2,ueber  100 CHF,11-20 CHF,4,4
250,2023,16,3,Maennlich,1,4h-5h,5,25,Nein,4,Stimmt eher ,2,eher Ja,1,1,1,Ja,1,Stimmt eher,2,1,1,Stimmt eher,2,100 CHF,11-20 CHF,4,4
256,2023,16,3,Weiblich,1,3h-4h,4,16,Ja,1,Stimmt eher nicht,3,eher Nein,2,1,3,Eher nein,2,Stimmt eher nicht,3,4,2,Stimmt gar nicht,3,ueber  100 CHF,11-20 CHF,4,1
259,2023,17,3,Non-Binaer,1,3h-4h,4,16,Ja,1,Stimmt eher ,2,Nein,2,1,3,Nein,3,Stimmt eher,2,5,1,Stimmt eher nicht,2,ueber  100 CHF,11-20 CHF,4,1
262,2023,16,3,Maennlich,1,2h-3h,3,9,Ja,1,Stimmt,1,eher Nein,2,1,3,Ja,1,Stimmt eher nicht,3,2,2,Stimmt ganz,1,100 CHF,11-20 CHF,4,2
263,2023,15,2,Weiblich,1,Mehr als 5h,6,36,Ja,1,Stimmt eher nicht,3,Nein,2,1,3,Ja,1,Stimmt eher nicht,3,4,2,Stimmt eher,2,ueber  100 CHF,11-20 CHF,4,4
274,2023,16,3,Maennlich,1,4h-5h,5,25,Nein,4,Stimmt eher nicht,3,Nein,2,2,4,Eher Ja,2,Stimmt eher,2,1,1,Stimmt ganz,1,ueber  100 CHF,11-20 CHF,4,2
291,2024,16,3,Maennlich,1,2h-3h,3,9,eher Ja,2,Stimmt,1,Weiss nicht,3,2,5,Eher nein,2,Stimmt eher,2,1,1,Stimmt ganz,1,ueber  100 CHF,11-20 CHF,4,4
304,2024,18,4,Weiblich,1,4h-5h,5,25,Nein,4,Stimmt eher ,2,Nein,2,1,3,Eher Ja,2,Stimmt eher nicht,3,4,2,Stimmt gar nicht,3, 100 CHF,11-20 CHF,4,1
378,2025,17,3,Maennlich,1,4h-5h,5,25,eher Nein,3,Stimmt eher nicht,3,Weiss nicht,3,2,5,Eher Ja,2,Stimmt eher,2,1,1,Stimmt gar nicht,3, 100 CHF,11-20 CHF,4,2
382,2025,14,2,Maennlich,1,4h-5h,5,25,Nein,4,Stimmt eher ,2,Weiss nicht,3,2,5,Eher Ja,2,Stimmt eher nicht,3,2,2,Stimmt gar nicht,3,50 CHF,11-20 CHF,4,3
386,2025,16,3,Weiblich,1,3h-4h,4,16,eher Ja,2,Stimmt eher nicht,3,Nein,2,2,4,Ja,1,Stimmt eher,2,3,1,Stimmt eher nicht,2,ueber  100 CHF,11-20 CHF,4,2
392,2025,16,3,Maennlich,1,2h-3h,3,9,eher Nein,3,Stimmt eher nicht,3,Weiss nicht,3,2,5,Nein,3,Stimmt eher,2,1,1,Stimmt eher nicht,2,50 CHF,11-20 CHF,4,1
393,2025,16,3,Weiblich,1,4h-5h,5,25,eher Ja,2,Stimmt,1,eher Ja,1,1,1,Ja,1,Stimmt eher nicht,3,4,2,Stimmt gar nicht,3,ueber  100 CHF,11-20 CHF,4,1
396,2025,17,3,Weiblich,1,3h-4h,4,16,Ja,1,Stimmt eher nicht,3,eher Nein,2,1,3,Eher nein,2,Stimmt eher nicht,3,4,2,Stimmt gar nicht,3, 100 CHF,11-20 CHF,4,1
399,2025,17,3,Maennlich,1,3h-4h,4,16,Nein,4,Stimmt eher ,2,Nein,2,2,4,Eher nein,2,Stimmt eher nicht,3,2,2,Stimmt ganz,1,ueber  100 CHF,11-20 CHF,4,1
441,2025,16,3,Weiblich,1,1h-2h,2,4,Nein,4,Stimmt,1,Nein,2,2,4,Nein,3,Stimmt eher,2,3,1,Stimmt gar nicht,3, 100 CHF,11-20 CHF,4,1
450,2025,15,2,Maennlich,1,2h-3h,3,9,eher Ja,2,Stimmt eher ,2,Nein,2,1,3,Nein,3,Stimmt eher,2,1,1,Stimmt gar nicht,3,ueber  100 CHF,11-20 CHF,4,1
463,2025,17,3,Maennlich,1,4h-5h,5,25,Nein,4,Stimmt,1,eher Ja,1,1,1,Eher nein,2,Stimmt eher nicht,3,2,2,Stimmt gar nicht,3,ueber  100 CHF,11-20 CHF,4,1
465,2025,15,2,Moechte nicht antworten,1,1h-2h,2,4,Ja,1,Stimmt eher ,2,Nein,2,2,4,Ja,1,Stimmt eher nicht,3,5,2,Stimmt eher,2,ueber  100 CHF,11-20 CHF,4,2
467,2025,14,2,Maennlich,1,2h-3h,3,9,Nein,4,Stimmt eher ,2,Nein,2,1,3,Eher nein,2,Stimmt gar nicht,4,2,2,Stimmt gar nicht,3,20 CHF,11-20 CHF,4,2
1,2021,30,6,Maennlich,1,2h-3h,3,9,Ja,1,Stimmt,1,Nein,2,2,4,Eher Ja,2,Stimmt ganz,1,1,3,Stimmt eher,2,20 CHF,Mehr als 20 CHF,5,1
2,2021,15,2,Maennlich,1,4h-5h,5,25,Nein,4,Stimmt eher ,2,Nein,2,1,3,Ja,1,Stimmt gar nicht,4,2,2,Stimmt gar nicht,3,100 CHF,Mehr als 20 CHF,5,1
5,2021,32,6,Maennlich,1,1h-2h,2,4,Ja,1,Stimmt eher nicht,3,Nein,2,2,4,Ja,1,Stimmt ganz,1,1,3,Stimmt ganz,1,ueber 100 CHF,Mehr als 20 CHF,5,1
7,2021,16,3,Maennlich,1,3h-4h,4,16,Ja,1,Stimmt eher ,2,eher Nein,2,2,4,Eher nein,2,Stimmt eher nicht,3,2,2,Stimmt ganz,1,ueber 100 CHF,Mehr als 20 CHF,5,1
10,2021,18,4,Maennlich,2,Mehr als 5h,6,36,Ja,1,Stimmt,1,eher Nein,2,1,3,Eher nein,2,Stimmt eher nicht,3,2,2,Stimmt gar nicht,3,ueber 100 CHF,Mehr als 20 CHF,5,1
18,2021,16,3,Maennlich,1,2h-3h,3,9,eher Nein,3,Stimmt,1,Nein,2,1,3,Ja,1,Stimmt eher nicht,3,2,2,Stimmt gar nicht,3,10 CHF,Mehr als 20 CHF,5,4
25,2021,18,4,Maennlich,1,2h-3h,3,9,Ja,1,Stimmt nicht,4,Nein,2,2,4,Ja,1,Stimmt gar nicht,4,2,2,Stimmt gar nicht,3,ueber 100 CHF,Mehr als 20 CHF,5,1
29,2021,16,3,Maennlich,1,Mehr als 5h,6,36,eher Ja,2,Stimmt eher ,2,Nein,2,2,4,Eher nein,2,Stimmt eher nicht,3,2,2,Stimmt gar nicht,3,ueber 100 CHF,Mehr als 20 CHF,5,1
33,2021,16,3,Weiblich,1,3h-4h,4,16,Ja,1,Stimmt eher nicht,3,eher Ja,1,1,1,Eher nein,2,Stimmt eher,2,3,1,Stimmt gar nicht,3,ueber 100 CHF,Mehr als 20 CHF,5,1
34,2021,17,3,Maennlich,1,2h-3h,3,9,eher Ja,2,Stimmt eher nicht,3,Nein,2,2,4,Eher Ja,2,Stimmt eher nicht,3,2,2,Stimmt gar nicht,3,ueber 100 CHF,Mehr als 20 CHF,5,6
36,2021,16,3,Maennlich,1,3h-4h,4,16,Ja,1,Stimmt,1,Nein,2,2,4,Eher nein,2,Stimmt gar nicht,4,2,2,Stimmt gar nicht,3,ueber 100 CHF,Mehr als 20 CHF,5,1
40,2021,19,4,Maennlich,1,3h-4h,4,16,Ja,1,Stimmt eher nicht,3,Nein,2,2,4,Ja,1,Stimmt gar nicht,4,2,2,Stimmt ganz,1,ueber 100 CHF,Mehr als 20 CHF,5,3
42,2021,16,3,Maennlich,1,2h-3h,3,9,eher Ja,2,Stimmt eher ,2,Ja,1,2,2,Ja,1,Stimmt eher,2,1,1,Stimmt eher nicht,2,ueber 100 CHF,Mehr als 20 CHF,5,2
43,2021,16,3,Weiblich,1,Mehr als 5h,6,36,Ja,1,Stimmt nicht,4,Ja,1,1,1,Eher Ja,2,Stimmt eher nicht,3,4,2,Stimmt gar nicht,3,ueber 100 CHF,Mehr als 20 CHF,5,1
44,2021,17,3,Weiblich,1,Mehr als 5h,6,36,eher Ja,2,Stimmt,1,eher Nein,2,1,3,Ja,1,Stimmt eher,2,3,1,Stimmt gar nicht,3,Wuerde ich auch gratis machen,Mehr als 20 CHF,5,2
45,2021,17,3,Maennlich,1,4h-5h,5,25,Ja,1,Stimmt eher ,2,Ja,1,1,1,Eher Ja,2,Stimmt eher nicht,3,2,2,Stimmt gar nicht,3,ueber 100 CHF,Mehr als 20 CHF,5,2
48,2021,16,3,Non-Binaer,2,Mehr als 5h,6,36,Ja,1,Stimmt nicht,4,Ja,1,1,1,Ja,1,Stimmt eher nicht,3,5,2,Stimmt gar nicht,3,ueber 100 CHF,Mehr als 20 CHF,5,5
58,2021,15,2,Maennlich,1,3h-4h,4,16,eher Nein,3,Stimmt eher ,2,Nein,2,2,4,Eher nein,2,Stimmt gar nicht,4,2,2,Stimmt gar nicht,3,100 CHF,Mehr als 20 CHF,5,2
68,2021,39,6,Maennlich,1,1h-2h,2,4,eher Ja,2,Stimmt eher nicht,3,Weiss nicht,3,2,5,Eher Ja,2,Stimmt eher,2,1,3,Stimmt gar nicht,3,Wuerde ich auch gratis machen,Mehr als 20 CHF,5,2
69,2021,15,2,Weiblich,1,4h-5h,5,25,Ja,1,Stimmt,1,eher Ja,1,1,1,Ja,1,Stimmt eher nicht,3,4,2,Stimmt gar nicht,3,100 CHF,Mehr als 20 CHF,5,3
75,2021,15,2,Weiblich,1,1h-2h,2,4,eher Ja,2,Stimmt eher ,2,Weiss nicht,3,2,5,Eher Ja,2,Stimmt ganz,1,3,1,Stimmt eher nicht,2,Wuerde ich auch gratis machen,Mehr als 20 CHF,5,3
83,2021,50,6,Maennlich,1,1h-2h,2,4,Ja,1,Stimmt nicht,4,Nein,2,2,4,Nein,3,Stimmt eher,2,1,3,Stimmt gar nicht,3,ueber 100 CHF,Mehr als 20 CHF,5,1
86,2021,41,6,Maennlich,1,2h-3h,3,9,eher Ja,2,Stimmt,1,eher Nein,2,2,4,Eher nein,2,Stimmt eher,2,1,3,Stimmt ganz,1,ueber 100 CHF,Mehr als 20 CHF,5,1
94,2021,29,5,Weiblich,1,1h-2h,2,4,Nein,4,Stimmt eher nicht,3,Nein,2,2,4,Eher nein,2,Stimmt eher nicht,3,4,4,Stimmt eher nicht,2,100 CHF,Mehr als 20 CHF,5,1
98,2021,15,2,Weiblich,1,1h-2h,2,4,Ja,1,Stimmt eher nicht,3,Ja,1,1,1,Ja,1,Stimmt gar nicht,4,4,2,Stimmt gar nicht,3,100 CHF,Mehr als 20 CHF,5,3
134,2022,15,2,Weiblich,1,2h-3h,3,9,Ja,1,Stimmt eher nicht,3,eher Ja,1,1,1,Ja,1,Stimmt eher,2,3,1,Stimmt gar nicht,3,ueber 100 CHF,Mehr als 20 CHF,5,1
139,2022,15,2,Weiblich,1,4h-5h,5,25,Ja,1,Stimmt eher nicht,3,eher Ja,1,1,1,Eher nein,2,Stimmt eher nicht,3,4,2,Stimmt eher nicht,2,ueber 100 CHF,Mehr als 20 CHF,5,2
140,2022,14,2,Non-Binaer,1,Mehr als 5h,6,36,Ja,1,Stimmt nicht,4,Ja,1,1,1,Nein,3,Stimmt eher nicht,3,5,2,Stimmt gar nicht,3,ueber 100 CHF,Mehr als 20 CHF,5,2
141,2022,14,2,Weiblich,1,3h-4h,4,16,eher Ja,2,Stimmt eher nicht,3,eher Nein,2,1,3,Eher nein,2,Stimmt eher,2,3,1,Stimmt ganz,1,ueber 100 CHF,Mehr als 20 CHF,5,3
149,2022,15,2,Maennlich,1,1h-2h,2,4,eher Nein,3,Stimmt,1,Nein,2,2,4,Eher nein,2,Stimmt eher nicht,3,2,2,Stimmt gar nicht,3,100 CHF,Mehr als 20 CHF,5,1
158,2022,15,2,Maennlich,1,1h-2h,2,4,Ja,1,Stimmt eher ,2,Nein,2,1,3,Nein,3,Stimmt eher,2,1,1,Stimmt ganz,1,ueber 100 CHF,Mehr als 20 CHF,5,3
160,2022,16,3,Weiblich,1,3h-4h,4,16,eher Ja,2,Stimmt,1,Weiss nicht,3,1,5,Eher Ja,2,Stimmt eher,2,3,1,Stimmt eher nicht,2,Wuerde ich auch gratis machen,Mehr als 20 CHF,5,2
161,2022,16,3,Weiblich,1,Mehr als 5h,6,36,Ja,1,Stimmt nicht,4,Ja,1,1,1,Eher nein,2,Stimmt eher nicht,3,4,2,Stimmt eher nicht,2,ueber 100 CHF,Mehr als 20 CHF,5,5
163,2022,14,2,Weiblich,1,2h-3h,3,9,Ja,1,Stimmt,1,Nein,2,1,3,Eher Ja,2,Stimmt eher nicht,3,4,2,Stimmt eher nicht,2,ueber 100 CHF,Mehr als 20 CHF,5,2
164,2022,16,3,Weiblich,1,Mehr als 5h,6,36,Ja,1,Stimmt,1,Nein,2,1,3,Eher Ja,2,Stimmt eher,2,3,1,Stimmt ganz,1,Wuerde ich auch gratis machen,Mehr als 20 CHF,5,1
168,2022,16,3,Maennlich,1,2h-3h,3,9,Nein,4,Stimmt,1,eher Ja,1,1,1,Ja,1,Stimmt eher nicht,3,2,2,Stimmt eher nicht,2,50 CHF,Mehr als 20 CHF,5,2
176,2022,17,3,Maennlich,1,2h-3h,3,9,eher Nein,3,Stimmt nicht,4,Ja,1,1,1,Ja,1,Stimmt gar nicht,4,2,2,Stimmt gar nicht,3,Wuerde ich auch gratis machen,Mehr als 20 CHF,5,1
192,2022,15,2,Weiblich,1,2h-3h,3,9,eher Ja,2,Stimmt eher nicht,3,eher Nein,2,1,3,Nein,3,Stimmt eher,2,3,1,Stimmt gar nicht,3,ueber 100 CHF,Mehr als 20 CHF,5,1
193,2022,55,6,Maennlich,1,1h-2h,2,4,Ja,1,Stimmt eher nicht,3,Nein,2,2,4,Ja,1,Stimmt eher nicht,3,2,4,Stimmt eher,2,ueber 100 CHF,Mehr als 20 CHF,5,1
198,2023,14,2,Moechte nicht antworten,1,1h-2h,2,4,eher Ja,2,Stimmt eher nicht,3,Nein,2,2,4,Eher Ja,2,Stimmt ganz,1,5,1,Stimmt eher,2,50 CHF,Mehr als 20 CHF,5,1
207,2023,15,2,Maennlich,1,4h-5h,5,25,eher Ja,2,Stimmt eher nicht,3,Nein,2,1,3,Eher nein,2,Stimmt gar nicht,4,2,2,Stimmt eher,2,50 CHF,Mehr als 20 CHF,5,3
228,2023,17,3,Moechte nicht antworten,1,1h-2h,2,4,eher Ja,2,Stimmt eher nicht,3,eher Nein,2,2,4,Eher nein,2,Stimmt ganz,1,5,1,Stimmt eher,2,ueber  100 CHF,Mehr als 20 CHF,5,3
229,2023,17,3,Maennlich,1,3h-4h,4,16,eher Ja,2,Stimmt,1,Nein,2,2,4,Eher Ja,2,Stimmt eher nicht,3,2,2,Stimmt eher nicht,2,Wuerde ich auch gratis machen,Mehr als 20 CHF,5,2
233,2023,17,3,Weiblich,1,2h-3h,3,9,eher Ja,2,Stimmt eher ,2,Weiss nicht,3,2,5,Ja,1,Stimmt eher nicht,3,4,2,Stimmt ganz,1,20 CHF,Mehr als 20 CHF,5,4
234,2023,18,4,Weiblich,1,3h-4h,4,16,eher Ja,2,Stimmt eher nicht,3,eher Nein,2,2,4,Eher Ja,2,Stimmt eher nicht,3,4,2,Stimmt gar nicht,3,50 CHF,Mehr als 20 CHF,5,2
235,2023,16,3,Weiblich,1,4h-5h,5,25,Ja,1,Stimmt eher ,2,eher Nein,2,1,3,Eher nein,2,Stimmt eher,2,3,1,Stimmt eher,2,50 CHF,Mehr als 20 CHF,5,2
236,2023,17,3,Weiblich,1,4h-5h,5,25,Ja,1,Stimmt,1,eher Nein,2,1,3,Ja,1,Stimmt eher,2,3,1,Stimmt ganz,1,ueber  100 CHF,Mehr als 20 CHF,5,1
258,2023,17,3,Maennlich,1,3h-4h,4,16,eher Ja,2,Stimmt,1,eher Nein,2,1,3,Eher nein,2,Stimmt eher,2,1,1,Stimmt ganz,1,100 CHF,Mehr als 20 CHF,5,5
261,2023,16,3,Maennlich,1,1h-2h,2,4,Nein,4,Stimmt,1,Nein,2,2,4,Ja,1,Stimmt eher nicht,3,2,2,Stimmt gar nicht,3,100 CHF,Mehr als 20 CHF,5,1
271,2023,16,3,Weiblich,1,2h-3h,3,9,Nein,4,Stimmt eher ,2,Weiss nicht,3,2,5,Ja,1,Stimmt eher,2,3,1,Stimmt eher nicht,2,ueber  100 CHF,Mehr als 20 CHF,5,6
289,2024,16,3,Weiblich,1,4h-5h,5,25,eher Ja,2,Stimmt,1,Ja,1,1,1,Eher Ja,2,Stimmt eher,2,3,1,Stimmt gar nicht,3,ueber  100 CHF,Mehr als 20 CHF,5,5
292,2024,15,2,Weiblich,1,Mehr als 5h,6,36,Ja,1,Stimmt,1,eher Ja,1,1,1,Eher Ja,2,Stimmt eher nicht,3,4,2,Stimmt eher nicht,2,ueber  100 CHF,Mehr als 20 CHF,5,4
293,2024,15,2,Maennlich,1,2h-3h,3,9,eher Ja,2,Stimmt eher ,2,Nein,2,1,3,Eher Ja,2,Stimmt eher,2,1,1,Stimmt gar nicht,3, 100 CHF,Mehr als 20 CHF,5,1
294,2024,15,2,Maennlich,1,2h-3h,3,9,eher Ja,2,Stimmt eher ,2,Nein,2,2,4,Nein,3,Stimmt eher nicht,3,2,2,Stimmt gar nicht,3,ueber  100 CHF,Mehr als 20 CHF,5,2
298,2024,15,2,Maennlich,1,1h-2h,2,4,Ja,1,Stimmt,1,Nein,2,1,3,Eher nein,2,Stimmt ganz,1,1,1,Stimmt eher,2,Wuerde ich auch gratis machen,Mehr als 20 CHF,5,3
318,2024,16,3,Maennlich,1,weniger als 1h,1,1,Nein,4,Stimmt eher ,2,Nein,2,2,4,Ja,1,Stimmt eher nicht,3,2,2,Stimmt ganz,1,ueber  100 CHF,Mehr als 20 CHF,5,1
320,2024,18,4,Weiblich,1,3h-4h,4,16,eher Ja,2,Stimmt,1,eher Ja,1,1,1,Nein,3,Stimmt eher,2,3,1,Stimmt gar nicht,3,ueber  100 CHF,Mehr als 20 CHF,5,3
325,2024,17,3,Maennlich,1,4h-5h,5,25,eher Nein,3,Stimmt nicht,4,Nein,2,1,3,Eher Ja,2,Stimmt eher,2,1,1,Stimmt gar nicht,3,ueber  100 CHF,Mehr als 20 CHF,5,1
327,2024,17,3,Maennlich,1,2h-3h,3,9,eher Ja,2,Stimmt eher ,2,Nein,2,2,4,Eher Ja,2,Stimmt eher,2,1,1,Stimmt gar nicht,3,50 CHF,Mehr als 20 CHF,5,1
332,2024,16,3,Weiblich,1,3h-4h,4,16,eher Ja,2,Stimmt eher nicht,3,Nein,2,1,3,Eher Ja,2,Stimmt eher nicht,3,4,2,Stimmt gar nicht,3,ueber  100 CHF,Mehr als 20 CHF,5,6
335,2024,16,3,Maennlich,1,Mehr als 5h,6,36,Ja,1,Stimmt nicht,4,Ja,1,1,1,Eher Ja,2,Stimmt eher nicht,3,2,2,Stimmt eher nicht,2,ueber  100 CHF,Mehr als 20 CHF,5,6
338,2024,16,3,Maennlich,1,3h-4h,4,16,Ja,1,Stimmt nicht,4,Nein,2,2,4,Eher Ja,2,Stimmt eher,2,1,1,Stimmt eher nicht,2,ueber  100 CHF,Mehr als 20 CHF,5,1
342,2024,15,2,Weiblich,1,3h-4h,4,16,Ja,1,Stimmt,1,eher Nein,2,1,3,Eher Ja,2,Stimmt eher,2,3,1,Stimmt gar nicht,3,ueber  100 CHF,Mehr als 20 CHF,5,1
344,2024,16,3,Maennlich,1,Mehr als 5h,6,36,Ja,1,Stimmt eher ,2,Nein,2,1,3,Eher Ja,2,Stimmt eher nicht,3,2,2,Stimmt gar nicht,3,ueber  100 CHF,Mehr als 20 CHF,5,3
354,2024,17,3,Maennlich,1,3h-4h,4,16,eher Nein,3,Stimmt eher nicht,3,eher Nein,2,2,4,Eher Ja,2,Stimmt eher,2,1,1,Stimmt eher,2,ueber  100 CHF,Mehr als 20 CHF,5,2
376,2025,15,2,Maennlich,1,4h-5h,5,25,eher Ja,2,Stimmt,1,eher Nein,2,1,3,Eher Ja,2,Stimmt eher,2,1,1,Stimmt eher nicht,2,ueber  100 CHF,Mehr als 20 CHF,5,2
383,2025,17,3,Maennlich,1,2h-3h,3,9,Ja,1,Stimmt eher ,2,Nein,2,1,3,Eher Ja,2,Stimmt eher,2,1,1,Stimmt eher nicht,2,50 CHF,Mehr als 20 CHF,5,2
385,2025,16,3,Maennlich,1,Mehr als 5h,6,36,Ja,1,Stimmt,1,Ja,1,1,1,Ja,1,Stimmt eher nicht,3,2,2,Stimmt eher nicht,2,Wuerde ich auch gratis machen,Mehr als 20 CHF,5,5
388,2025,15,2,Weiblich,1,Mehr als 5h,6,36,eher Ja,2,Stimmt eher nicht,3,eher Nein,2,1,3,Eher Ja,2,Stimmt eher nicht,3,4,2,Stimmt gar nicht,3,ueber  100 CHF,Mehr als 20 CHF,5,2
395,2025,17,3,Maennlich,1,4h-5h,5,25,Ja,1,Stimmt eher ,2,Nein,2,1,3,Ja,1,Stimmt eher nicht,3,2,2,Stimmt gar nicht,3,ueber  100 CHF,Mehr als 20 CHF,5,1
402,2025,17,3,Weiblich,1,2h-3h,3,9,eher Ja,2,Stimmt eher ,2,eher Nein,2,1,3,Ja,1,Stimmt eher,2,3,1,Stimmt gar nicht,3, 100 CHF,Mehr als 20 CHF,5,3
403,2025,18,4,Weiblich,1,Mehr als 5h,6,36,Ja,1,Stimmt eher nicht,3,eher Nein,2,1,3,Eher Ja,2,Stimmt eher nicht,3,4,2,Stimmt gar nicht,3,50 CHF,Mehr als 20 CHF,5,4
404,2025,17,3,Weiblich,2,4h-5h,5,25,eher Ja,2,Stimmt eher ,2,Weiss nicht,3,1,5,Ja,1,Stimmt eher,2,3,1,Stimmt gar nicht,3,ueber  100 CHF,Mehr als 20 CHF,5,2
413,2025,16,3,Maennlich,1,3h-4h,4,16,eher Ja,2,Stimmt eher nicht,3,Nein,2,2,4,Ja,1,Stimmt eher,2,1,1,Stimmt gar nicht,3, 100 CHF,Mehr als 20 CHF,5,1
415,2025,17,3,Maennlich,1,1h-2h,2,4,Ja,1,Stimmt,1,Nein,2,2,4,Eher nein,2,Stimmt eher nicht,3,2,2,Stimmt gar nicht,3,50 CHF,Mehr als 20 CHF,5,2
417,2025,16,3,Weiblich,1,2h-3h,3,9,Nein,4,Stimmt eher ,2,Nein,2,2,4,Nein,3,Stimmt ganz,1,3,1,Stimmt eher nicht,2,ueber  100 CHF,Mehr als 20 CHF,5,1
423,2025,17,3,Weiblich,1,1h-2h,2,4,Nein,4,Stimmt eher ,2,eher Nein,2,2,4,Eher nein,2,Stimmt eher,2,3,1,Stimmt ganz,1, 100 CHF,Mehr als 20 CHF,5,4
428,2025,18,4,Weiblich,1,Mehr als 5h,6,36,eher Ja,2,Stimmt eher ,2,eher Ja,1,1,1,Eher nein,2,Stimmt eher,2,3,1,Stimmt gar nicht,3,ueber  100 CHF,Mehr als 20 CHF,5,2
429,2025,16,3,Maennlich,1,4h-5h,5,25,Ja,1,Stimmt,1,Nein,2,2,4,Ja,1,Stimmt eher nicht,3,2,2,Stimmt gar nicht,3,50 CHF,Mehr als 20 CHF,5,1
432,2025,17,3,Maennlich,1,2h-3h,3,9,Ja,1,Stimmt,1,eher Nein,2,2,4,Nein,3,Stimmt ganz,1,1,1,Stimmt ganz,1,ueber  100 CHF,Mehr als 20 CHF,5,4
435,2025,16,3,Weiblich,1,3h-4h,4,16,Ja,1,Stimmt,1,eher Nein,2,1,3,Eher nein,2,Stimmt eher nicht,3,4,2,Stimmt gar nicht,3,50 CHF,Mehr als 20 CHF,5,2
452,2025,17,3,Weiblich,1,3h-4h,4,16,Ja,1,Stimmt eher ,2,eher Ja,1,1,1,Nein,3,Stimmt eher nicht,3,4,2,Stimmt gar nicht,3,ueber  100 CHF,Mehr als 20 CHF,5,3
460,2025,14,2,Weiblich,1,Mehr als 5h,6,36,Ja,1,Stimmt,1,Weiss nicht,3,2,5,Eher Ja,2,Stimmt eher nicht,3,4,2,Stimmt gar nicht,3,ueber  100 CHF,Mehr als 20 CHF,5,1
464,2025,15,2,Maennlich,1,4h-5h,5,25,Nein,4,Stimmt eher nicht,3,Nein,2,1,3,Eher nein,2,Stimmt eher nicht,3,2,2,Stimmt eher nicht,2,ueber  100 CHF,Mehr als 20 CHF,5,4
468,2025,15,2,Maennlich,1,1h-2h,2,4,Ja,1,Stimmt eher ,2,Weiss nicht,3,2,5,Eher Ja,2,Stimmt eher nicht,3,2,2,Stimmt eher,2,ueber  100 CHF,Mehr als 20 CHF,5,1
469,2025,15,2,Maennlich,1,Mehr als 5h,6,36,Ja,1,Stimmt,1,Nein,2,2,4,Eher Ja,2,Stimmt gar nicht,4,2,2,Stimmt eher,2, 100 CHF,Mehr als 20 CHF,5,2
470,2025,15,2,Weiblich,1,3h-4h,4,16,Ja,1,Stimmt nicht,4,Ja,1,1,1,Ja,1,Stimmt eher nicht,3,4,2,Stimmt gar nicht,3,ueber  100 CHF,Mehr als 20 CHF,5,3